AreaCode,Area,Year,mean_salary,population_size,AveragePrice,SalesVolume
E09000001,City of London,1999," 48,922 ",6581," 171,300 ",45
E09000001,City of London,2000," 52,203 ",7014," 218,679 ",36
E09000001,City of London,2001," 62,819 ",7359," 250,626 ",31
E09000001,City of London,2002," 56,450 ",7280," 269,632 ",33
E09000001,City of London,2003," 64,272 ",7115," 270,811 ",40
E09000001,City of London,2004," 66,628 ",7118," 301,033 ",31
E09000001,City of London,2005," 74,004 ",7131," 311,784 ",25
E09000001,City of London,2006," 85,886 ",7254," 338,519 ",25
E09000001,City of London,2007," 86,778 ",7607," 433,838 ",23
E09000001,City of London,2008," 82,973 ",7429," 427,297 ",12
E09000001,City of London,2009," 80,769 ",7472," 383,418 ",13
E09000001,City of London,2010," 81,938 ",7338," 453,663 ",20
E09000001,City of London,2011," 90,842 ",7412," 463,931 ",21
E09000001,City of London,2012," 86,987 ",7604," 525,328 ",16
E09000001,City of London,2013," 83,403 ",7648," 570,009 ",36
E09000001,City of London,2014," 82,808 ",8072," 709,385 ",27
E09000001,City of London,2015," 77,754 ",8760," 760,253 ",26
E09000001,City of London,2016," 79,489 ",9401," 818,316 ",14
E09000001,City of London,2017," 80,655 ",7654," 849,790 ",18
E09000001,City of London,2018," 90,028 ",8706," 784,958 ",33
E09000002,Barking and Dagenham,1999," 23,620 ",162444," 65,321 ",224
E09000002,Barking and Dagenham,2000," 24,696 ",163893," 77,550 ",234
E09000002,Barking and Dagenham,2001," 26,050 ",165654," 88,664 ",267
E09000002,Barking and Dagenham,2002," 26,653 ",166357," 112,222 ",287
E09000002,Barking and Dagenham,2003," 27,792 ",166210," 142,499 ",301
E09000002,Barking and Dagenham,2004," 29,088 ",165610," 158,176 ",301
E09000002,Barking and Dagenham,2005," 28,728 ",166275," 163,361 ",241
E09000002,Barking and Dagenham,2006," 28,660 ",167157," 167,853 ",305
E09000002,Barking and Dagenham,2007," 31,994 ",169031," 184,910 ",332
E09000002,Barking and Dagenham,2008," 31,795 ",172452," 187,357 ",141
E09000002,Barking and Dagenham,2009," 33,126 ",177580," 156,447 ",105
E09000002,Barking and Dagenham,2010," 32,996 ",182838," 166,561 ",121
E09000002,Barking and Dagenham,2011," 33,568 ",187029," 163,465 ",122
E09000002,Barking and Dagenham,2012," 37,059 ",190560," 165,864 ",112
E09000002,Barking and Dagenham,2013," 37,214 ",194352," 173,734 ",149
E09000002,Barking and Dagenham,2014," 36,323 ",198294," 201,172 ",188
E09000002,Barking and Dagenham,2015," 36,705 ",201979," 233,460 ",200
E09000002,Barking and Dagenham,2016," 37,959 ",206460," 273,920 ",184
E09000002,Barking and Dagenham,2017," 32,093 ",210711," 287,735 ",173
E09000002,Barking and Dagenham,2018," 32,671 ",211998," 295,185 ",161
E09000003,Barnet,1999," 23,128 ",313469," 136,005 ",624
E09000003,Barnet,2000," 25,755 ",315784," 167,953 ",544
E09000003,Barnet,2001," 26,068 ",319481," 185,563 ",567
E09000003,Barnet,2002," 30,210 ",320552," 220,746 ",610
E09000003,Barnet,2003," 30,518 ",321802," 251,213 ",517
E09000003,Barnet,2004," 30,795 ",323723," 271,854 ",558
E09000003,Barnet,2005," 31,652 ",327541," 279,460 ",448
E09000003,Barnet,2006," 30,923 ",330801," 291,338 ",563
E09000003,Barnet,2007," 33,007 ",334837," 326,915 ",572
E09000003,Barnet,2008," 34,468 ",339212," 330,023 ",287
E09000003,Barnet,2009," 35,013 ",345829," 299,103 ",264
E09000003,Barnet,2010," 34,077 ",351438," 333,128 ",345
E09000003,Barnet,2011," 33,062 ",357538," 338,978 ",326
E09000003,Barnet,2012," 33,044 ",363956," 358,627 ",338
E09000003,Barnet,2013," 33,766 ",369088," 374,771 ",398
E09000003,Barnet,2014," 34,936 ",374915," 430,363 ",422
E09000003,Barnet,2015," 34,730 ",379691," 478,688 ",427
E09000003,Barnet,2016," 35,315 ",386083," 525,940 ",425
E09000003,Barnet,2017," 36,818 ",387803," 538,281 ",336
E09000003,Barnet,2018," 36,776 ",392140," 533,216 ",326
E09000004,Bexley,1999," 21,386 ",217458," 86,778 ",422
E09000004,Bexley,2000," 22,580 ",218717," 103,187 ",364
E09000004,Bexley,2001," 23,559 ",218757," 116,527 ",439
E09000004,Bexley,2002," 23,517 ",219123," 136,798 ",478
E09000004,Bexley,2003," 24,723 ",220016," 164,482 ",433
E09000004,Bexley,2004," 24,617 ",220917," 179,141 ",422
E09000004,Bexley,2005," 28,162 ",222391," 186,512 ",338
E09000004,Bexley,2006," 28,847 ",223280," 191,831 ",417
E09000004,Bexley,2007," 30,375 ",224625," 208,086 ",417
E09000004,Bexley,2008," 31,305 ",226652," 210,199 ",207
E09000004,Bexley,2009," 31,988 ",228146," 189,051 ",181
E09000004,Bexley,2010," 30,821 ",230711," 200,874 ",206
E09000004,Bexley,2011," 31,812 ",232774," 200,672 ",212
E09000004,Bexley,2012," 30,833 ",234271," 202,546 ",240
E09000004,Bexley,2013," 32,463 ",236687," 213,470 ",282
E09000004,Bexley,2014," 31,878 ",239865," 244,459 ",329
E09000004,Bexley,2015," 33,367 ",242142," 274,209 ",329
E09000004,Bexley,2016," 32,666 ",244760," 321,564 ",286
E09000004,Bexley,2017," 33,857 ",246124," 335,694 ",273
E09000004,Bexley,2018," 34,496 ",247258," 342,673 ",255
E09000005,Brent,1999," 20,911 ",260317," 112,157 ",385
E09000005,Brent,2000," 23,726 ",264945," 140,963 ",369
E09000005,Brent,2001," 24,164 ",269620," 157,287 ",394
E09000005,Brent,2002," 24,071 ",269871," 185,898 ",400
E09000005,Brent,2003," 29,790 ",268323," 216,502 ",352
E09000005,Brent,2004," 25,416 ",268335," 236,023 ",340
E09000005,Brent,2005," 27,371 ",270939," 241,690 ",273
E09000005,Brent,2006," 29,712 ",276504," 253,253 ",328
E09000005,Brent,2007," 28,503 ",283273," 286,995 ",357
E09000005,Brent,2008," 29,631 ",290901," 292,758 ",172
E09000005,Brent,2009," 31,033 ",298118," 264,402 ",131
E09000005,Brent,2010," 29,353 ",304785," 289,563 ",199
E09000005,Brent,2011," 29,609 ",312245," 298,965 ",183
E09000005,Brent,2012," 32,089 ",314660," 314,113 ",171
E09000005,Brent,2013," 34,480 ",317264," 339,656 ",205
E09000005,Brent,2014," 33,484 ",320762," 394,687 ",249
E09000005,Brent,2015," 34,281 ",324012," 440,952 ",261
E09000005,Brent,2016," 36,579 ",328254," 489,469 ",249
E09000005,Brent,2017," 35,840 ",329102," 487,704 ",185
E09000005,Brent,2018," 35,830 ",330795," 492,937 ",166
E09000006,Bromley,1999," 21,293 ",294902," 120,874 ",596
E09000006,Bromley,2000," 21,178 ",295317," 147,827 ",546
E09000006,Bromley,2001," 19,749 ",296218," 162,132 ",627
E09000006,Bromley,2002," 21,513 ",296668," 186,646 ",672
E09000006,Bromley,2003," 25,474 ",297253," 215,993 ",573
E09000006,Bromley,2004," 27,617 ",297307," 234,463 ",628
E09000006,Bromley,2005," 29,955 ",299421," 239,786 ",528
E09000006,Bromley,2007," 35,021 ",302625," 277,230 ",664
E09000006,Bromley,2008," 33,378 ",304968," 277,728 ",311
E09000006,Bromley,2009," 33,329 ",306924," 249,909 ",326
E09000006,Bromley,2010," 32,841 ",308560," 271,049 ",365
E09000006,Bromley,2011," 32,863 ",310554," 274,875 ",361
E09000006,Bromley,2012," 33,859 ",314036," 282,025 ",404
E09000006,Bromley,2013," 34,133 ",317899," 296,669 ",457
E09000006,Bromley,2014," 33,458 ",321278," 347,857 ",514
E09000006,Bromley,2015," 35,238 ",324857," 385,681 ",505
E09000006,Bromley,2016," 35,338 ",326889," 428,008 ",437
E09000006,Bromley,2017," 34,354 ",329391," 441,219 ",401
E09000006,Bromley,2018," 35,201 ",331096," 443,417 ",387
E09000007,Camden,1999," 30,249 ",190003," 191,091 ",332
E09000007,Camden,2000," 34,864 ",196174," 247,115 ",290
E09000007,Camden,2001," 40,033 ",202567," 278,594 ",299
E09000007,Camden,2002," 34,486 ",203972," 314,180 ",321
E09000007,Camden,2003," 38,106 ",204254," 323,054 ",263
E09000007,Camden,2004," 38,595 ",207341," 351,848 ",313
E09000007,Camden,2005," 39,826 ",211088," 368,345 ",277
E09000007,Camden,2006," 40,593 ",211032," 394,819 ",346
E09000007,Camden,2007," 40,595 ",211520," 466,486 ",303
E09000007,Camden,2008," 42,816 ",210273," 501,223 ",171
E09000007,Camden,2009," 45,633 ",212924," 454,628 ",182
E09000007,Camden,2010," 45,461 ",214725," 513,221 ",228
E09000007,Camden,2011," 45,588 ",220087," 554,393 ",218
E09000007,Camden,2012," 44,832 ",224962," 586,166 ",201
E09000007,Camden,2013," 45,539 ",229719," 667,448 ",244
E09000007,Camden,2014," 44,629 ",234846," 756,486 ",232
E09000007,Camden,2015," 45,489 ",241059," 787,441 ",207
E09000007,Camden,2016," 45,644 ",246181," 807,119 ",183
E09000007,Camden,2017," 44,970 ",253361," 839,347 ",183
E09000007,Camden,2018," 46,502 ",262226," 842,187 ",153
E09000008,Croydon,1999," 22,205 ",332066," 97,173 ",659
E09000008,Croydon,2000," 23,440 ",334241," 118,777 ",506
E09000008,Croydon,2001," 23,994 ",335112," 132,509 ",576
E09000008,Croydon,2002," 25,815 ",335415," 157,023 ",709
E09000008,Croydon,2003," 26,920 ",335919," 185,784 ",629
E09000008,Croydon,2004," 28,816 ",337134," 198,589 ",632
E09000008,Croydon,2005," 28,101 ",339052," 204,407 ",521
E09000008,Croydon,2006," 29,842 ",340449," 212,111 ",670
E09000008,Croydon,2007," 29,341 ",344029," 233,666 ",682
E09000008,Croydon,2008," 31,842 ",349308," 235,999 ",319
E09000008,Croydon,2009," 33,826 ",352763," 203,706 ",279
E09000008,Croydon,2010," 33,117 ",357951," 218,640 ",302
E09000008,Croydon,2011," 33,050 ",364815," 215,428 ",291
E09000008,Croydon,2012," 33,831 ",368886," 221,817 ",301
E09000008,Croydon,2013," 35,213 ",372752," 234,440 ",404
E09000008,Croydon,2014," 34,769 ",376040," 274,827 ",501
E09000008,Croydon,2015," 34,199 ",379031," 307,064 ",481
E09000008,Croydon,2017," 35,839 ",384837," 372,554 ",418
E09000008,Croydon,2018," 36,880 ",385346," 370,288 ",349
E09000009,Ealing,1999," 25,046 ",302252," 126,278 ",513
E09000009,Ealing,2000," 26,615 ",304370," 153,309 ",439
E09000009,Ealing,2001," 29,516 ",307276," 170,191 ",503
E09000009,Ealing,2002," 29,470 ",309242," 198,427 ",519
E09000009,Ealing,2003," 30,117 ",308108," 221,689 ",479
E09000009,Ealing,2004," 31,153 ",310073," 241,039 ",501
E09000009,Ealing,2005," 32,106 ",312774," 244,872 ",407
E09000009,Ealing,2006," 32,130 ",315329," 260,206 ",540
E09000009,Ealing,2007," 34,374 ",318671," 293,784 ",513
E09000009,Ealing,2008," 35,772 ",324022," 295,325 ",227
E09000009,Ealing,2009," 34,873 ",329966," 264,042 ",197
E09000009,Ealing,2010," 33,845 ",334073," 292,826 ",264
E09000009,Ealing,2011," 34,725 ",339314," 302,307 ",251
E09000009,Ealing,2012," 35,024 ",340671," 318,698 ",270
E09000009,Ealing,2013," 33,210 ",342494," 338,089 ",321
E09000009,Ealing,2014," 32,716 ",342118," 400,039 ",292
E09000009,Ealing,2015," 31,980 ",343059," 438,311 ",306
E09000009,Ealing,2016," 34,468 ",343196," 476,441 ",265
E09000009,Ealing,2017," 36,039 ",342736," 484,592 ",232
E09000009,Ealing,2018," 36,304 ",341982," 480,086 ",233
E09000010,Enfield,1999," 21,006 ",272731," 101,987 ",545
E09000010,Enfield,2000," 25,198 ",275068," 121,839 ",477
E09000010,Enfield,2001," 27,605 ",277266," 135,713 ",589
E09000010,Enfield,2002," 26,835 ",280745," 159,791 ",603
E09000010,Enfield,2003," 25,595 ",281835," 190,573 ",527
E09000010,Enfield,2004," 31,068 ",282217," 205,848 ",518
E09000010,Enfield,2005," 27,568 ",284779," 212,549 ",422
E09000010,Enfield,2006," 28,912 ",287429," 219,542 ",526
E09000010,Enfield,2007," 28,949 ",291534," 243,912 ",535
E09000010,Enfield,2008," 28,930 ",297443," 245,839 ",257
E09000010,Enfield,2009," 31,584 ",301971," 221,993 ",212
E09000010,Enfield,2010," 32,009 ",307648," 242,128 ",241
E09000010,Enfield,2011," 31,797 ",313935," 241,991 ",226
E09000010,Enfield,2012," 31,749 ",317287," 247,667 ",233
E09000010,Enfield,2013," 30,011 ",320524," 261,604 ",285
E09000010,Enfield,2014," 29,804 ",324574," 294,516 ",325
E09000010,Enfield,2015," 31,041 ",328433," 335,503 ",314
E09000010,Enfield,2016," 33,076 ",331395," 385,490 ",270
E09000010,Enfield,2017," 34,096 ",332705," 395,929 ",236
E09000010,Enfield,2018," 37,030 ",333869," 396,564 ",213
E09000011,Greenwich,1999," 22,263 ",212168," 90,879 ",355
E09000011,Greenwich,2000," 23,689 ",214438," 110,163 ",315
E09000011,Greenwich,2001," 23,932 ",217460," 125,820 ",398
E09000011,Greenwich,2002," 23,853 ",221476," 147,422 ",450
E09000011,Greenwich,2003," 26,002 ",224303," 171,043 ",412
E09000011,Greenwich,2004," 27,369 ",227190," 186,894 ",470
E09000011,Greenwich,2005," 29,105 ",230494," 196,344 ",392
E09000011,Greenwich,2006," 29,714 ",233990," 207,167 ",438
E09000011,Greenwich,2007," 32,003 ",236535," 228,862 ",432
E09000011,Greenwich,2008," 33,637 ",239748," 231,136 ",199
E09000011,Greenwich,2009," 33,344 ",243672," 210,323 ",161
E09000011,Greenwich,2010," 34,526 ",249171," 229,070 ",186
E09000011,Greenwich,2011," 32,581 ",255483," 229,295 ",213
E09000011,Greenwich,2012," 32,764 ",260068," 236,981 ",230
E09000011,Greenwich,2013," 33,060 ",264008," 253,399 ",295
E09000011,Greenwich,2014," 31,690 ",268678," 298,351 ",385
E09000011,Greenwich,2015," 33,856 ",274803," 331,849 ",358
E09000011,Greenwich,2016," 33,568 ",279766," 372,738 ",317
E09000011,Greenwich,2017," 35,702 ",282849," 391,750 ",295
E09000011,Greenwich,2018," 36,288 ",286186," 388,388 ",291
E09000012,Hackney,1999," 39,629 ",199087," 105,533 ",255
E09000012,Hackney,2002," 32,321 ",210961," 180,269 ",305
E09000012,Hackney,2003," 31,035 ",212405," 201,071 ",230
E09000012,Hackney,2004," 31,862 ",213581," 217,677 ",277
E09000012,Hackney,2005," 35,597 ",216512," 227,937 ",212
E09000012,Hackney,2006," 34,874 ",220193," 253,254 ",282
E09000012,Hackney,2007," 35,390 ",224480," 290,397 ",296
E09000012,Hackney,2008," 39,016 ",231041," 311,771 ",141
E09000012,Hackney,2009," 46,556 ",236622," 282,241 ",154
E09000012,Hackney,2010," 44,663 ",241739," 300,491 ",182
E09000012,Hackney,2011," 42,089 ",247182," 308,698 ",185
E09000012,Hackney,2012," 41,030 ",252119," 325,492 ",218
E09000012,Hackney,2013," 39,044 ",257379," 372,669 ",227
E09000012,Hackney,2014," 40,241 ",263150," 456,388 ",243
E09000012,Hackney,2015," 38,327 ",269009," 506,799 ",244
E09000012,Hackney,2016," 39,387 ",273526," 537,746 ",205
E09000012,Hackney,2017," 42,457 ",275929," 549,006 ",190
E09000012,Hackney,2018," 40,439 ",279665," 544,645 ",167
E09000013,Hammersmith and Fulham,1999," 28,555 ",160634," 198,901 ",350
E09000013,Hammersmith and Fulham,2000," 28,742 ",164393," 247,266 ",294
E09000013,Hammersmith and Fulham,2001," 30,968 ",169374," 271,919 ",299
E09000013,Hammersmith and Fulham,2002," 37,855 ",171989," 302,459 ",329
E09000013,Hammersmith and Fulham,2003," 35,226 ",171510," 318,806 ",278
E09000013,Hammersmith and Fulham,2004," 37,273 ",172083," 343,381 ",308
E09000013,Hammersmith and Fulham,2005," 42,492 ",173292," 362,576 ",266
E09000013,Hammersmith and Fulham,2006," 42,838 ",174675," 397,586 ",342
E09000013,Hammersmith and Fulham,2007," 46,996 ",176472," 474,141 ",315
E09000013,Hammersmith and Fulham,2008," 46,620 ",177088," 474,948 ",136
E09000013,Hammersmith and Fulham,2009," 45,516 ",180116," 435,456 ",160
E09000013,Hammersmith and Fulham,2010," 42,271 ",180842," 502,257 ",207
E09000013,Hammersmith and Fulham,2011," 42,531 ",182445," 518,574 ",224
E09000013,Hammersmith and Fulham,2012," 44,065 ",179850," 567,082 ",216
E09000013,Hammersmith and Fulham,2013," 42,349 ",178685," 631,529 ",251
E09000013,Hammersmith and Fulham,2014," 38,677 ",178365," 721,100 ",239
E09000013,Hammersmith and Fulham,2015," 38,176 ",179410," 760,834 ",204
E09000013,Hammersmith and Fulham,2016," 40,291 ",179654," 755,097 ",184
E09000013,Hammersmith and Fulham,2017," 45,218 ",182998," 756,900 ",179
E09000013,Hammersmith and Fulham,2018," 44,781 ",185426," 725,725 ",186
E09000014,Haringey,1999," 21,683 ",218559," 120,083 ",388
E09000014,Haringey,2001," 21,748 ",221251," 165,127 ",374
E09000014,Haringey,2002," 23,632 ",224474," 195,801 ",378
E09000014,Haringey,2003," 24,551 ",225027," 220,320 ",319
E09000014,Haringey,2004," 26,260 ",226472," 236,265 ",364
E09000014,Haringey,2005," 26,991 ",229271," 245,821 ",289
E09000014,Haringey,2006," 29,726 ",233174," 263,921 ",385
E09000014,Haringey,2007," 29,032 ",236793," 305,510 ",357
E09000014,Haringey,2008," 31,703 ",244459," 303,396 ",166
E09000014,Haringey,2009," 30,817 ",249805," 276,214 ",153
E09000014,Haringey,2010," 32,517 ",252742," 314,480 ",193
E09000014,Haringey,2011," 30,446 ",255540," 326,468 ",190
E09000014,Haringey,2012," 31,874 ",258912," 339,686 ",204
E09000014,Haringey,2013," 32,408 ",263386," 372,234 ",222
E09000014,Haringey,2014," 33,616 ",267541," 435,808 ",244
E09000014,Haringey,2015," 33,919 ",272864," 480,636 ",230
E09000014,Haringey,2016," 32,799 ",278451," 527,677 ",191
E09000014,Haringey,2017," 35,729 ",271224," 557,307 ",163
E09000014,Haringey,2018," 34,178 ",270624," 551,553 ",171
E09000015,Harrow,1999," 22,824 ",207909," 126,688 ",370
E09000015,Harrow,2000," 24,973 ",209114," 152,494 ",326
E09000015,Harrow,2001," 26,650 ",210044," 170,250 ",358
E09000015,Harrow,2002," 26,303 ",212336," 202,681 ",373
E09000015,Harrow,2003," 27,980 ",213728," 232,598 ",349
E09000015,Harrow,2004," 29,745 ",216267," 252,292 ",333
E09000015,Harrow,2005," 30,339 ",221109," 255,333 ",274
E09000015,Harrow,2006," 30,342 ",223632," 265,448 ",358
E09000015,Harrow,2007," 31,063 ",226355," 293,492 ",332
E09000015,Harrow,2008," 31,746 ",229567," 294,650 ",179
E09000015,Harrow,2009," 31,352 ",233495," 263,036 ",161
E09000015,Harrow,2010," 32,746 ",237451," 292,166 ",187
E09000015,Harrow,2011," 32,342 ",240499," 296,478 ",180
E09000015,Harrow,2012," 31,817 ",242377," 304,905 ",189
E09000015,Harrow,2013," 31,504 ",243373," 319,398 ",215
E09000015,Harrow,2014," 29,957 ",246011," 360,796 ",234
E09000015,Harrow,2015," 31,404 ",247130," 408,604 ",259
E09000015,Harrow,2016," 34,743 ",248752," 453,862 ",197
E09000015,Harrow,2017," 39,293 ",248880," 470,763 ",175
E09000015,Harrow,2018," 35,325 ",250149," 465,902 ",186
E09000016,Havering,1999," 18,786 ",225712," 92,889 ",361
E09000016,Havering,2000," 19,309 ",225141," 109,433 ",313
E09000016,Havering,2001," 20,002 ",224717," 124,071 ",388
E09000016,Havering,2002," 19,520 ",225054," 149,066 ",407
E09000016,Havering,2003," 21,167 ",225248," 179,118 ",375
E09000016,Havering,2004," 21,505 ",225769," 195,992 ",402
E09000016,Havering,2005," 27,736 ",226990," 204,047 ",329
E09000016,Havering,2006," 28,459 ",228198," 211,317 ",423
E09000016,Havering,2007," 29,418 ",229789," 233,535 ",449
E09000016,Havering,2008," 32,386 ",231793," 231,474 ",217
E09000016,Havering,2009," 30,993 ",234127," 205,962 ",199
E09000016,Havering,2010," 32,068 ",236234," 220,413 ",227
E09000016,Havering,2011," 31,947 ",237927," 219,559 ",216
E09000016,Havering,2012," 31,759 ",239733," 221,602 ",234
E09000016,Havering,2013," 32,758 ",242080," 226,429 ",298
E09000016,Havering,2014," 33,536 ",245974," 259,267 ",354
E09000016,Havering,2015," 33,850 ",249085," 291,845 ",349
E09000016,Havering,2016," 33,025 ",252783," 341,804 ",315
E09000016,Havering,2017," 33,432 ",256039," 360,479 ",300
E09000016,Havering,2018," 34,484 ",257810," 370,303 ",293
E09000017,Hillingdon,1999," 28,854 ",245053," 108,925 ",493
E09000017,Hillingdon,2000," 29,755 ",245911," 131,432 ",423
E09000017,Hillingdon,2001," 30,465 ",245616," 145,294 ",390
E09000017,Hillingdon,2002," 30,463 ",247063," 172,147 ",477
E09000017,Hillingdon,2003," 30,875 ",248054," 202,708 ",460
E09000017,Hillingdon,2004," 31,685 ",248691," 215,696 ",463
E09000017,Hillingdon,2005," 32,725 ",251430," 222,900 ",373
E09000017,Hillingdon,2006," 32,034 ",254387," 231,405 ",453
E09000017,Hillingdon,2007," 33,992 ",256981," 253,839 ",453
E09000017,Hillingdon,2008," 37,349 ",261051," 255,580 ",254
E09000017,Hillingdon,2009," 37,424 ",265665," 228,276 ",214
E09000017,Hillingdon,2010," 38,406 ",269465," 247,992 ",256
E09000017,Hillingdon,2011," 39,436 ",275499," 251,782 ",280
E09000017,Hillingdon,2012," 39,849 ",281756," 260,476 ",275
E09000017,Hillingdon,2013," 40,911 ",286808," 270,595 ",280
E09000017,Hillingdon,2014," 42,606 ",292690," 305,782 ",319
E09000017,Hillingdon,2015," 40,529 ",297735," 352,748 ",320
E09000017,Hillingdon,2016," 39,729 ",302471," 400,791 ",286
E09000017,Hillingdon,2017," 41,156 ",302343," 413,587 ",276
E09000017,Hillingdon,2018," 39,670 ",304824," 410,267 ",252
E09000018,Hounslow,1999," 24,602 ",214298," 112,074 ",350
E09000018,Hounslow,2000," 27,632 ",214731," 136,625 ",336
E09000018,Hounslow,2001," 28,795 ",215976," 153,623 ",370
E09000018,Hounslow,2002," 32,582 ",216888," 175,132 ",405
E09000018,Hounslow,2003," 33,322 ",216498," 198,261 ",379
E09000018,Hounslow,2004," 34,015 ",219440," 215,827 ",384
E09000018,Hounslow,2005," 35,410 ",223776," 222,921 ",302
E09000018,Hounslow,2006," 34,303 ",228126," 237,044 ",395
E09000018,Hounslow,2007," 34,303 ",233454," 260,228 ",399
E09000018,Hounslow,2008," 39,109 ",237907," 262,945 ",191
E09000018,Hounslow,2009," 42,241 ",243366," 236,243 ",151
E09000018,Hounslow,2010," 41,634 ",249236," 257,449 ",205
E09000018,Hounslow,2011," 41,142 ",254927," 264,605 ",191
E09000018,Hounslow,2012," 41,688 ",259052," 267,958 ",197
E09000018,Hounslow,2013," 38,522 ",262407," 290,577 ",238
E09000018,Hounslow,2014," 41,473 ",265568," 324,526 ",278
E09000018,Hounslow,2015," 43,037 ",268770," 351,438 ",278
E09000018,Hounslow,2016," 47,577 ",271139," 386,462 ",245
E09000018,Hounslow,2017," 42,932 ",269100," 400,905 ",222
E09000018,Hounslow,2018," 46,102 ",270782," 396,697 ",192
E09000019,Islington,1999," 34,180 ",175717," 155,590 ",307
E09000019,Islington,2000," 35,135 ",177852," 192,634 ",241
E09000019,Islington,2001," 44,989 ",179387," 219,818 ",272
E09000019,Islington,2002," 54,080 ",180118," 247,761 ",276
E09000019,Islington,2003," 49,632 ",180899," 262,085 ",234
E09000019,Islington,2004," 40,812 ",180831," 285,947 ",248
E09000019,Islington,2005," 37,231 ",183477," 295,082 ",251
E09000019,Islington,2006," 50,794 ",185283," 319,645 ",331
E09000019,Islington,2007," 53,641 ",188636," 385,666 ",309
E09000019,Islington,2008," 58,261 ",192089," 386,792 ",190
E09000019,Islington,2009," 55,027 ",196704," 345,284 ",196
E09000019,Islington,2010," 49,859 ",200129," 398,055 ",234
E09000019,Islington,2011," 60,068 ",206285," 424,104 ",215
E09000019,Islington,2012," 58,131 ",211047," 442,090 ",236
E09000019,Islington,2013," 56,967 ",215671," 495,766 ",250
E09000019,Islington,2014," 59,007 ",221030," 585,171 ",240
E09000019,Islington,2015," 49,576 ",227692," 643,148 ",199
E09000019,Islington,2016," 52,885 ",232865," 642,137 ",195
E09000019,Islington,2017," 52,752 ",235000," 650,115 ",141
E09000019,Islington,2018," 53,489 ",239142," 649,533 ",146
E09000020,Kensington and Chelsea,1999," 28,074 ",147678," 311,455 ",418
E09000020,Kensington and Chelsea,2000," 28,782 ",154661," 376,802 ",358
E09000020,Kensington and Chelsea,2001," 32,475 ",162199," 420,129 ",328
E09000020,Kensington and Chelsea,2002," 35,481 ",163827," 460,382 ",367
E09000020,Kensington and Chelsea,2003," 35,812 ",165268," 460,491 ",288
E09000020,Kensington and Chelsea,2004," 37,784 ",165752," 512,187 ",334
E09000020,Kensington and Chelsea,2005," 33,106 ",168375," 520,206 ",279
E09000020,Kensington and Chelsea,2006," 33,350 ",165245," 598,008 ",351
E09000020,Kensington and Chelsea,2007," 33,248 ",162883," 746,679 ",308
E09000020,Kensington and Chelsea,2008," 37,538 ",162579," 784,835 ",141
E09000020,Kensington and Chelsea,2009," 36,101 ",161893," 705,188 ",168
E09000020,Kensington and Chelsea,2010," 36,450 ",160463," 837,315 ",203
E09000020,Kensington and Chelsea,2011," 38,220 ",158251," 908,565 ",205
E09000020,Kensington and Chelsea,2012," 37,192 ",155930," 1,009,045 ",185
E09000020,Kensington and Chelsea,2013," 37,906 ",155594," 1,126,573 ",221
E09000020,Kensington and Chelsea,2014," 36,844 ",156190," 1,288,406 ",225
E09000020,Kensington and Chelsea,2015," 38,848 ",157711," 1,302,103 ",182
E09000020,Kensington and Chelsea,2016," 35,249 ",156726," 1,276,235 ",152
E09000020,Kensington and Chelsea,2017," 38,625 ",155741," 1,344,540 ",130
E09000020,Kensington and Chelsea,2018," 42,099 ",156197," 1,363,802 ",111
E09000021,Kingston Upon Thames,1999," 22,967 ",146003," 129,697 ",339
E09000021,Kingston Upon Thames,2000," 25,225 ",147328," 162,806 ",294
E09000021,Kingston Upon Thames,2001," 27,219 ",149045," 178,823 ",327
E09000021,Kingston Upon Thames,2002," 29,702 ",149642," 203,105 ",355
E09000021,Kingston Upon Thames,2003," 32,569 ",149683," 228,280 ",295
E09000021,Kingston Upon Thames,2004," 30,786 ",151055," 246,424 ",325
E09000021,Kingston Upon Thames,2005," 32,985 ",152489," 251,156 ",268
E09000021,Kingston Upon Thames,2006," 32,566 ",153667," 264,667 ",352
E09000021,Kingston Upon Thames,2007," 33,513 ",154485," 306,229 ",326
E09000021,Kingston Upon Thames,2008," 33,180 ",156027," 310,396 ",141
E09000021,Kingston Upon Thames,2009," 33,834 ",157307," 266,774 ",156
E09000021,Kingston Upon Thames,2010," 33,688 ",158648," 304,310 ",195
E09000021,Kingston Upon Thames,2011," 34,459 ",160436," 312,074 ",187
E09000021,Kingston Upon Thames,2012," 36,381 ",163906," 324,578 ",196
E09000021,Kingston Upon Thames,2013," 35,167 ",166793," 345,739 ",230
E09000021,Kingston Upon Thames,2014," 35,833 ",169958," 406,106 ",255
E09000021,Kingston Upon Thames,2015," 31,728 ",173525," 438,003 ",219
E09000021,Kingston Upon Thames,2016," 34,343 ",176107," 483,333 ",185
E09000021,Kingston Upon Thames,2017," 36,139 ",174609," 492,319 ",167
E09000021,Kingston Upon Thames,2018," 36,282 ",175470," 497,031 ",175
E09000022,Lambeth,1999," 27,930 ",266817," 116,616 ",501
E09000022,Lambeth,2000," 28,750 ",270028," 148,039 ",490
E09000022,Lambeth,2001," 30,242 ",273372," 164,685 ",492
E09000022,Lambeth,2002," 31,630 ",273041," 190,451 ",523
E09000022,Lambeth,2003," 32,702 ",272195," 203,377 ",453
E09000022,Lambeth,2004," 37,154 ",274262," 221,889 ",496
E09000022,Lambeth,2005," 36,464 ",277620," 228,853 ",432
E09000022,Lambeth,2006," 38,233 ",280524," 250,143 ",552
E09000022,Lambeth,2007," 41,050 ",284964," 298,235 ",526
E09000022,Lambeth,2008," 41,396 ",289126," 295,476 ",247
E09000022,Lambeth,2009," 44,262 ",294050," 267,337 ",197
E09000022,Lambeth,2010," 43,030 ",297650," 297,168 ",291
E09000022,Lambeth,2011," 43,657 ",304481," 304,030 ",299
E09000022,Lambeth,2012," 44,271 ",310200," 327,466 ",328
E09000022,Lambeth,2013," 43,350 ",314242," 362,966 ",411
E09000022,Lambeth,2014," 44,566 ",318216," 433,625 ",414
E09000022,Lambeth,2015," 45,180 ",324431," 471,614 ",387
E09000022,Lambeth,2016," 41,335 ",327910," 514,562 ",330
E09000022,Lambeth,2017," 40,458 ",324048," 518,504 ",320
E09000022,Lambeth,2018," 44,814 ",325917," 511,582 ",279
E09000023,Lewisham,1999," 23,283 ",250310," 84,695 ",461
E09000023,Lewisham,2000," 22,659 ",252106," 107,083 ",445
E09000023,Lewisham,2001," 24,850 ",254336," 121,333 ",459
E09000023,Lewisham,2002," 25,909 ",253662," 143,764 ",511
E09000023,Lewisham,2003," 25,320 ",251936," 170,886 ",460
E09000023,Lewisham,2004," 26,340 ",252455," 184,059 ",489
E09000023,Lewisham,2005," 30,443 ",254930," 190,868 ",394
E09000023,Lewisham,2006," 30,142 ",257976," 202,362 ",494
E09000023,Lewisham,2007," 29,832 ",261188," 229,655 ",502
E09000023,Lewisham,2008," 31,399 ",266508," 231,284 ",214
E09000023,Lewisham,2009," 32,708 ",270418," 211,308 ",175
E09000023,Lewisham,2010," 32,007 ",272525," 225,582 ",232
E09000023,Lewisham,2011," 30,506 ",276938," 228,017 ",237
E09000023,Lewisham,2012," 30,823 ",281556," 240,572 ",277
E09000023,Lewisham,2013," 30,909 ",286180," 260,815 ",352
E09000023,Lewisham,2014," 32,256 ",291933," 315,813 ",384
E09000023,Lewisham,2015," 32,602 ",297325," 355,050 ",367
E09000023,Lewisham,2016," 34,588 ",301867," 402,649 ",334
E09000023,Lewisham,2017," 35,454 ",301307," 411,049 ",287
E09000023,Lewisham,2018," 33,493 ",303536," 411,530 ",279
E09000024,Merton,1999," 21,867 ",185062," 121,901 ",422
E09000024,Merton,2000," 22,987 ",188196," 151,605 ",339
E09000024,Merton,2001," 25,615 ",191106," 167,046 ",387
E09000024,Merton,2002," 27,052 ",190561," 195,715 ",404
E09000024,Merton,2003," 30,607 ",189298," 220,394 ",341
E09000024,Merton,2004," 30,224 ",188908," 238,099 ",383
E09000024,Merton,2005," 30,422 ",190583," 246,253 ",314
E09000024,Merton,2006," 29,305 ",192520," 257,061 ",398
E09000024,Merton,2007," 30,731 ",194260," 297,858 ",374
E09000024,Merton,2008," 31,929 ",195859," 300,675 ",185
E09000024,Merton,2009," 30,330 ",198136," 271,598 ",184
E09000024,Merton,2010," 31,666 ",199136," 299,999 ",212
E09000024,Merton,2011," 32,415 ",200543," 306,063 ",216
E09000024,Merton,2012," 32,742 ",202225," 316,743 ",231
E09000024,Merton,2013," 31,960 ",203223," 344,544 ",271
E09000024,Merton,2014," 31,917 ",203515," 419,977 ",262
E09000024,Merton,2015," 32,907 ",204565," 457,702 ",249
E09000024,Merton,2016," 34,199 ",205029," 500,267 ",217
E09000024,Merton,2017," 35,907 ",206052," 512,186 ",209
E09000025,Newham,1999," 20,580 ",240517," 74,526 ",363
E09000025,Newham,2000," 21,609 ",245463," 92,887 ",404
E09000025,Newham,2001," 27,763 ",249411," 108,763 ",456
E09000025,Newham,2002," 24,900 ",255282," 137,456 ",460
E09000025,Newham,2003," 26,461 ",256224," 168,438 ",449
E09000025,Newham,2004," 29,224 ",254434," 185,680 ",394
E09000025,Newham,2005," 28,450 ",253798," 193,555 ",326
E09000025,Newham,2006," 30,873 ",257994," 203,285 ",371
E09000025,Newham,2007," 32,363 ",266285," 226,389 ",364
E09000025,Newham,2008," 34,686 ",276478," 221,768 ",224
E09000025,Newham,2009," 34,487 ",286447," 188,217 ",117
E09000025,Newham,2010," 39,102 ",299171," 204,467 ",140
E09000025,Newham,2011," 36,870 ",310460," 207,664 ",134
E09000025,Newham,2012," 35,465 ",314084," 212,825 ",142
E09000025,Newham,2013," 32,807 ",318227," 222,784 ",199
E09000025,Newham,2014," 33,619 ",324322," 258,312 ",254
E09000025,Newham,2015," 33,127 ",332817," 297,558 ",257
E09000025,Newham,2016," 36,946 ",340978," 347,957 ",246
E09000025,Newham,2017," 38,661 ",347996," 362,132 ",310
E09000025,Newham,2018," 37,849 ",352005," 359,176 ",265
E09000026,Redbridge,1999," 22,087 ",238138," 102,940 ",456
E09000026,Redbridge,2000," 22,421 ",239868," 124,379 ",410
E09000026,Redbridge,2001," 24,321 ",241893," 141,588 ",477
E09000026,Redbridge,2002," 24,512 ",244273," 169,368 ",519
E09000026,Redbridge,2003," 26,086 ",247412," 203,572 ",474
E09000026,Redbridge,2004," 27,206 ",248774," 222,918 ",487
E09000026,Redbridge,2005," 30,087 ",251560," 226,469 ",407
E09000026,Redbridge,2006," 31,319 ",255590," 239,730 ",482
E09000026,Redbridge,2007," 33,111 ",259965," 266,938 ",452
E09000026,Redbridge,2008," 32,261 ",265452," 264,429 ",249
E09000026,Redbridge,2009," 32,648 ",270435," 232,764 ",211
E09000026,Redbridge,2010," 32,421 ",275088," 252,334 ",246
E09000026,Redbridge,2011," 31,948 ",281395," 261,966 ",211
E09000026,Redbridge,2012," 30,371 ",284617," 265,912 ",209
E09000026,Redbridge,2013," 33,442 ",288272," 274,825 ",249
E09000026,Redbridge,2014," 33,732 ",293055," 304,162 ",308
E09000026,Redbridge,2015," 33,182 ",296793," 343,795 ",289
E09000026,Redbridge,2016," 32,190 ",299249," 391,837 ",255
E09000026,Redbridge,2017," 32,792 ",301785," 410,300 ",231
E09000026,Redbridge,2018," 31,990 ",303858," 422,497 ",212
E09000027,Richmond Upon Thames,1999," 25,832 ",172782," 181,772 ",489
E09000027,Southwark,2000," 27,702 ",172920," 227,866 ",331
E09000027,Southwark,2001," 29,854 ",174311," 241,333 ",387
E09000027,Southwark,2002," 30,680 ",175441," 271,689 ",434
E09000027,Southwark,2003," 29,463 ",177182," 294,168 ",378
E09000027,Southwark,2004," 30,582 ",179312," 316,541 ",409
E09000027,Southwark,2005," 30,298 ",181508," 323,619 ",355
E09000027,Southwark,2006," 33,258 ",182520," 348,497 ",444
E09000027,Southwark,2007," 37,366 ",182421," 410,383 ",387
E09000027,Southwark,2008," 37,760 ",182927," 409,389 ",199
E09000027,Southwark,2009," 40,992 ",184394," 369,390 ",214
E09000027,Southwark,2010," 39,837 ",186304," 420,084 ",266
E09000027,Southwark,2011," 37,122 ",187527," 434,537 ",261
E09000027,Southwark,2012," 36,411 ",189145," 454,942 ",273
E09000027,Southwark,2013," 36,611 ",191365," 492,116 ",302
E09000027,Southwark,2014," 36,975 ",193585," 577,055 ",289
E09000027,Southwark,2015," 38,060 ",194730," 618,778 ",272
E09000027,Southwark,2016," 38,572 ",195846," 653,761 ",243
E09000027,Southwark,2017," 39,407 ",195680," 665,285 ",230
E09000027,Southwark,2018," 40,427 ",196904," 652,274 ",219
E09000028,Southwark,1999," 26,994 ",247853," 110,268 ",427
E09000028,Southwark,2000," 29,101 ",252726," 142,267 ",411
E09000028,Southwark,2001," 29,423 ",256712," 164,486 ",432
E09000028,Southwark,2002," 30,906 ",256269," 184,684 ",417
E09000028,Southwark,2003," 32,241 ",255242," 199,584 ",383
E09000028,Southwark,2004," 34,875 ",257257," 216,904 ",442
E09000028,Southwark,2005," 36,022 ",261811," 224,050 ",371
E09000028,Southwark,2006," 39,075 ",267553," 242,760 ",463
E09000028,Southwark,2007," 39,710 ",272626," 289,668 ",432
E09000028,Southwark,2008," 40,353 ",276973," 291,213 ",206
E09000028,Southwark,2009," 41,548 ",281120," 261,151 ",193
E09000028,Southwark,2010," 41,481 ",283777," 293,913 ",276
E09000028,Southwark,2011," 48,938 ",288717," 312,539 ",264
E09000028,Southwark,2012," 47,611 ",293530," 331,124 ",280
E09000028,Southwark,2013," 43,807 ",298465," 360,750 ",357
E09000028,Southwark,2014," 40,893 ",302538," 427,767 ",333
E09000028,Southwark,2015," 42,316 ",308901," 467,868 ",338
E09000028,Southwark,2016," 42,583 ",313223," 510,331 ",302
E09000028,Southwark,2017," 44,008 ",314232," 515,883 ",297
E09000028,Southwark,2018," 48,333 ",317256," 504,225 ",301
E09000029,Sutton,1999," 22,725 ",179375," 100,870 ",415
E09000029,Sutton,2000," 26,891 ",180485," 125,952 ",363
E09000029,Sutton,2001," 25,235 ",181461," 137,910 ",403
E09000029,Sutton,2002," 25,965 ",181265," 162,527 ",418
E09000029,Sutton,2003," 27,147 ",181267," 187,816 ",374
E09000029,Sutton,2004," 27,747 ",181094," 201,829 ",392
E09000029,Sutton,2005," 29,187 ",182103," 209,547 ",317
E09000029,Sutton,2006," 28,965 ",182882," 215,724 ",399
E09000029,Sutton,2007," 28,531 ",184174," 241,438 ",392
E09000029,Sutton,2008," 29,869 ",185860," 242,702 ",197
E09000029,Sutton,2009," 29,775 ",188167," 212,118 ",199
E09000029,Sutton,2010," 30,375 ",189321," 233,489 ",197
E09000029,Sutton,2011," 29,656 ",191123," 233,027 ",203
E09000029,Sutton,2012," 29,407 ",193630," 238,842 ",214
E09000029,Sutton,2013," 33,223 ",195914," 252,003 ",251
E09000029,Sutton,2014," 30,752 ",198134," 291,132 ",287
E09000029,Sutton,2015," 32,427 ",200145," 322,932 ",284
E09000029,Sutton,2016," 34,818 ",202220," 365,303 ",273
E09000029,Sutton,2017," 35,113 ",203243," 376,925 ",252
E09000029,Sutton,2018," 32,442 ",204525," 379,294 ",223
E09000030,Tower Hamlets,1999," 37,524 ",193507," 113,035 ",456
E09000030,Tower Hamlets,2000," 47,253 ",197133," 141,288 ",419
E09000030,Tower Hamlets,2001," 55,045 ",201090," 162,506 ",411
E09000030,Tower Hamlets,2002," 49,998 ",207031," 187,289 ",393
E09000030,Tower Hamlets,2003," 55,530 ",208651," 207,902 ",341
E09000030,Tower Hamlets,2004," 66,095 ",211154," 219,987 ",483
E09000030,Tower Hamlets,2005," 71,063 ",213382," 225,629 ",400
E09000030,Tower Hamlets,2006," 62,719 ",218400," 243,033 ",442
E09000030,Tower Hamlets,2007," 72,749 ",225251," 287,173 ",450
E09000030,Tower Hamlets,2008," 70,217 ",231893," 298,002 ",211
E09000030,Tower Hamlets,2009," 62,526 ",240495," 258,248 ",247
E09000030,Tower Hamlets,2010," 69,029 ",248520," 282,749 ",314
E09000030,Tower Hamlets,2011," 86,593 ",256012," 287,262 ",280
E09000030,Tower Hamlets,2012," 64,782 ",263003," 285,453 ",300
E09000030,Tower Hamlets,2013," 73,376 ",272890," 309,051 ",369
E09000030,Tower Hamlets,2014," 74,087 ",284015," 382,242 ",432
E09000030,Tower Hamlets,2015," 67,320 ",295236," 421,944 ",349
E09000030,Tower Hamlets,2016," 64,345 ",304854," 457,130 ",383
E09000030,Tower Hamlets,2017," 75,103 ",307964," 459,279 ",297
E09000030,Tower Hamlets,2018," 69,806 ",317705," 446,504 ",271
E09000031,Waltham Forest,1999," 19,888 ",221057," 83,822 ",435
E09000031,Waltham Forest,2000," 22,009 ",221296," 103,031 ",413
E09000031,Waltham Forest,2001," 23,023 ",222015," 118,843 ",439
E09000031,Waltham Forest,2002," 23,817 ",223776," 148,137 ",441
E09000031,Waltham Forest,2003," 25,374 ",224115," 175,076 ",411
E09000031,Waltham Forest,2004," 25,435 ",225002," 191,378 ",395
E09000031,Waltham Forest,2005," 25,800 ",226747," 197,240 ",355
E09000031,Waltham Forest,2006," 27,449 ",230731," 209,708 ",415
E09000031,Waltham Forest,2007," 27,129 ",235665," 237,017 ",402
E09000031,Waltham Forest,2008," 28,814 ",242098," 232,886 ",199
E09000031,Waltham Forest,2009," 29,524 ",248140," 204,935 ",164
E09000031,Waltham Forest,2010," 30,773 ",254009," 222,102 ",187
E09000031,Waltham Forest,2011," 31,926 ",259742," 220,905 ",193
E09000031,Waltham Forest,2012," 30,738 ",262566," 230,727 ",194
E09000031,Waltham Forest,2013," 31,143 ",265797," 254,265 ",242
E09000031,Waltham Forest,2014," 28,426 ",268020," 314,934 ",297
E09000031,Waltham Forest,2015," 30,911 ",271170," 357,513 ",291
E09000031,Waltham Forest,2016," 30,172 ",275843," 413,149 ",256
E09000031,Waltham Forest,2017," 31,049 ",275505," 436,117 ",233
E09000031,Waltham Forest,2018," 32,875 ",276700," 440,887 ",235
E09000032,Wandsworth,1999," 24,707 ",264220," 145,340 ",782
E09000032,Wandsworth,2000," 26,862 ",267695," 184,276 ",623
E09000032,Wandsworth,2001," 25,861 ",271742," 205,180 ",674
E09000032,Wandsworth,2002," 27,665 ",274917," 232,806 ",709
E09000032,Wandsworth,2003," 29,446 ",276828," 253,342 ",595
E09000032,Wandsworth,2004," 30,740 ",278615," 271,650 ",700
E09000032,Wandsworth,2005," 31,455 ",283229," 284,182 ",613
E09000032,Wandsworth,2006," 32,887 ",287538," 310,944 ",779
E09000032,Wandsworth,2007," 38,209 ",291440," 372,078 ",701
E09000032,Wandsworth,2008," 40,916 ",294305," 363,818 ",329
E09000032,Wandsworth,2009," 41,202 ",299347," 340,373 ",366
E09000032,Wandsworth,2010," 39,318 ",302620," 374,488 ",440
E09000032,Wandsworth,2011," 38,695 ",307710," 386,200 ",437
E09000032,Wandsworth,2012," 35,295 ",308312," 409,392 ",440
E09000032,Wandsworth,2013," 36,917 ",310516," 457,404 ",522
E09000032,Wandsworth,2014," 35,182 ",312145," 544,515 ",505
E09000032,Wandsworth,2015," 37,251 ",314544," 572,691 ",494
E09000032,Wandsworth,2016," 37,651 ",316096," 608,741 ",444
E09000032,Wandsworth,2017," 40,076 ",323257," 617,921 ",432
E09000032,Wandsworth,2018," 45,317 ",326474," 596,632 ",395
E09000033,Westminster,1999," 36,167 ",189233," 214,043 ",554
E09000033,Westminster,2000," 40,903 ",196478," 260,492 ",518
E09000033,Westminster,2001," 41,566 ",203329," 296,105 ",479
E09000033,Westminster,2002," 43,576 ",208100," 339,622 ",522
E09000033,Westminster,2003," 43,694 ",211009," 363,466 ",424
E09000033,Westminster,2004," 46,350 ",214557," 379,395 ",428
E09000033,Westminster,2005," 50,430 ",223132," 399,385 ",407
E09000033,Westminster,2006," 53,229 ",222829," 436,865 ",521
E09000033,Westminster,2007," 52,597 ",220619," 514,427 ",446
E09000033,Westminster,2008," 59,836 ",218673," 540,197 ",229
E09000033,Westminster,2009," 55,752 ",216980," 532,097 ",238
E09000033,Westminster,2010," 56,080 ",217187," 606,698 ",297
E09000033,Westminster,2011," 54,049 ",219582," 632,514 ",273
E09000033,Westminster,2012," 55,529 ",223858," 696,926 ",268
E09000033,Westminster,2013," 51,094 ",226841," 789,972 ",303
E09000033,Westminster,2014," 51,099 ",233292," 922,702 ",303
E09000033,Westminster,2015," 53,316 ",242299," 964,643 ",244
E09000033,Westminster,2016," 53,888 ",247614," 995,543 ",219
E09000033,Westminster,2017," 59,878 ",244796," 1,064,772 ",213
E09000033,Westminster,2018," 63,792 ",255324," 1,019,866 ",174
