,,LONDON,,,,,,,,UNITED KINGDOM,,,,,,,
,,Price ,,,,Index,,,,Price ,,,,Index,,,
,,Detached,Semi Detached,Terraced,Flat,Detached,Semi Detached,Terraced,Flat,Detached,Semi Detached,Terraced,Flat,Detached,Semi Detached,Terraced,Flat
1995,Jan,"161,449","95,898","73,706","64,619",21.7,20.3,18,17.9,-,-,-,-,-,-,-,-
,Feb,"157,449","96,084","73,757","60,359",21.2,20.4,18,16.7,-,-,-,-,-,-,-,-
,Mar,"156,090","94,981","73,571","64,186",21,20.1,18,17.7,-,-,-,-,-,-,-,-
,Apr,"156,932","95,193","73,990","65,099",21.1,20.2,18.1,18,-,-,-,-,-,-,-,-
,May,"158,778","96,727","75,063","65,718",21.4,20.5,18.4,18.2,-,-,-,-,-,-,-,-
,Jun,"158,322","96,551","74,684","66,735",21.3,20.5,18.3,18.4,-,-,-,-,-,-,-,-
,Jul,"161,896","97,609","75,763","65,790",21.8,20.7,18.5,18.2,-,-,-,-,-,-,-,-
,Aug,"160,991","97,064","75,103","65,588",21.7,20.6,18.4,18.1,-,-,-,-,-,-,-,-
,Sep,"159,829","96,135","74,632","65,035",21.5,20.4,18.2,18,-,-,-,-,-,-,-,-
,Oct,"160,268","95,894","73,292","64,793",21.6,20.3,17.9,17.9,-,-,-,-,-,-,-,-
,Nov,"157,177","95,155","73,136","65,081",21.1,20.2,17.9,18,-,-,-,-,-,-,-,-
,Dec,"158,799","96,433","74,254","66,029",21.4,20.4,18.2,18.2,-,-,-,-,-,-,-,-
1996,Jan,"159,926","96,393","74,754","65,870",21.5,20.4,18.3,18.2,-,-,-,-,-,-,-,-
,Feb,"159,662","97,498","75,122","66,992",21.5,20.7,18.4,18.5,-,-,-,-,-,-,-,-
,Mar,"161,107","97,079","75,029","66,097",21.7,20.6,18.3,18.3,-,-,-,-,-,-,-,-
,Apr,"160,304","97,381","75,761","68,172",21.6,20.6,18.5,18.8,-,-,-,-,-,-,-,-
,May,"160,540","98,333","76,984","67,630",21.6,20.8,18.8,18.7,-,-,-,-,-,-,-,-
,Jun,"163,374","99,096","76,944","69,564",22,21,18.8,19.2,-,-,-,-,-,-,-,-
,Jul,"167,042","100,384","77,796","69,523",22.5,21.3,19,19.2,-,-,-,-,-,-,-,-
,Aug,"168,725","101,125","78,590","68,901",22.7,21.4,19.2,19,-,-,-,-,-,-,-,-
,Sep,"169,961","101,873","78,910","69,975",22.9,21.6,19.3,19.3,-,-,-,-,-,-,-,-
,Oct,"171,030","101,781","78,586","69,598",23,21.6,19.2,19.2,-,-,-,-,-,-,-,-
,Nov,"168,697","102,161","79,649","70,450",22.7,21.6,19.5,19.5,-,-,-,-,-,-,-,-
,Dec,"171,030","104,399","80,634","71,374",23,22.1,19.7,19.7,-,-,-,-,-,-,-,-
1997,Jan,"176,010","105,732","82,195","73,141",23.7,22.4,20.1,20.2,-,-,-,-,-,-,-,-
,Feb,"176,433","105,446","82,178","74,410",23.7,22.3,20.1,20.6,-,-,-,-,-,-,-,-
,Mar,"177,667","106,903","83,576","74,926",23.9,22.7,20.4,20.7,-,-,-,-,-,-,-,-
,Apr,"180,373","108,927","84,904","76,393",24.3,23.1,20.8,21.1,-,-,-,-,-,-,-,-
,May,"186,373","112,329","87,397","78,356",25.1,23.8,21.4,21.7,-,-,-,-,-,-,-,-
,Jun,"190,062","113,227","88,606","78,377",25.6,24,21.7,21.7,-,-,-,-,-,-,-,-
,Jul,"196,287","117,350","91,655","80,620",26.4,24.9,22.4,22.3,-,-,-,-,-,-,-,-
,Aug,"198,166","118,155","91,214","80,570",26.7,25,22.3,22.3,-,-,-,-,-,-,-,-
,Sep,"203,053","120,516","92,998","82,656",27.3,25.5,22.7,22.8,-,-,-,-,-,-,-,-
,Oct,"202,832","120,574","92,778","82,234",27.3,25.6,22.7,22.7,-,-,-,-,-,-,-,-
,Nov,"206,280","121,845","93,593","83,446",27.7,25.8,22.9,23.1,-,-,-,-,-,-,-,-
,Dec,"206,669","124,400","95,777","84,874",27.8,26.4,23.4,23.5,-,-,-,-,-,-,-,-
1998,Jan,"212,537","124,936","97,066","85,657",28.6,26.5,23.7,23.7,-,-,-,-,-,-,-,-
,Feb,"205,692","123,670","95,203","85,674",27.7,26.2,23.3,23.7,-,-,-,-,-,-,-,-
,Mar,"209,210","125,718","97,449","87,389",28.1,26.6,23.8,24.2,-,-,-,-,-,-,-,-
,Apr,"214,790","128,936","99,850","89,317",28.9,27.3,24.4,24.7,-,-,-,-,-,-,-,-
,May,"212,891","129,081","100,178","88,700",28.6,27.4,24.5,24.5,-,-,-,-,-,-,-,-
,Jun,"216,398","130,638","101,331","90,979",29.1,27.7,24.8,25.1,-,-,-,-,-,-,-,-
,Jul,"223,821","133,832","103,116","91,489",30.1,28.4,25.2,25.3,-,-,-,-,-,-,-,-
,Aug,"226,677","133,532","102,886","91,022",30.5,28.3,25.2,25.2,-,-,-,-,-,-,-,-
,Sep,"226,350","134,219","103,312","91,626",30.4,28.4,25.3,25.3,-,-,-,-,-,-,-,-
,Oct,"225,428","133,839","101,990","91,844",30.3,28.4,24.9,25.4,-,-,-,-,-,-,-,-
,Nov,"225,927","134,036","101,945","91,965",30.4,28.4,24.9,25.4,-,-,-,-,-,-,-,-
,Dec,"221,985","134,030","103,013","92,440",29.9,28.4,25.2,25.5,-,-,-,-,-,-,-,-
1999,Jan,"226,545","134,708","103,316","93,692",30.5,28.5,25.3,25.9,-,-,-,-,-,-,-,-
,Feb,"225,504","134,203","102,843","93,355",30.3,28.4,25.1,25.8,-,-,-,-,-,-,-,-
,Mar,"227,657","136,004","105,074","95,485",30.6,28.8,25.7,26.4,-,-,-,-,-,-,-,-
,Apr,"232,531","138,706","108,147","96,874",31.3,29.4,26.4,26.8,-,-,-,-,-,-,-,-
,May,"232,262","139,800","109,229","99,033",31.2,29.6,26.7,27.4,-,-,-,-,-,-,-,-
,Jun,"240,343","143,345","111,644","100,255",32.3,30.4,27.3,27.7,-,-,-,-,-,-,-,-
,Jul,"249,454","147,256","115,453","103,599",33.6,31.2,28.2,28.6,-,-,-,-,-,-,-,-
,Aug,"252,272","149,578","117,728","105,931",33.9,31.7,28.8,29.3,-,-,-,-,-,-,-,-
,Sep,"260,347","152,521","119,663","109,954",35,32.3,29.3,30.4,-,-,-,-,-,-,-,-
,Oct,"261,720","154,879","119,887","109,870",35.2,32.8,29.3,30.4,-,-,-,-,-,-,-,-
,Nov,"267,166","158,051","123,329","111,981",35.9,33.5,30.2,30.9,-,-,-,-,-,-,-,-
,Dec,"265,355","159,147","124,726","115,071",35.7,33.7,30.5,31.8,-,-,-,-,-,-,-,-
2000,Jan,"280,980","165,413","127,833","115,506",37.8,35.1,31.3,31.9,-,-,-,-,-,-,-,-
,Feb,"279,796","165,391","129,708","118,641",37.6,35,31.7,32.8,-,-,-,-,-,-,-,-
,Mar,"284,608","168,433","131,957","119,340",38.3,35.7,32.3,33,-,-,-,-,-,-,-,-
,Apr,"293,946","174,235","136,659","126,608",39.5,36.9,33.4,35,-,-,-,-,-,-,-,-
,May,"297,670","176,792","137,401","125,794",40,37.5,33.6,34.8,-,-,-,-,-,-,-,-
,Jun,"298,774","179,057","139,575","128,870",40.2,37.9,34.1,35.6,-,-,-,-,-,-,-,-
,Jul,"313,017","183,384","142,702","130,434",42.1,38.9,34.9,36,-,-,-,-,-,-,-,-
,Aug,"311,885","184,296","142,302","132,453",41.9,39.1,34.8,36.6,-,-,-,-,-,-,-,-
,Sep,"314,775","183,347","142,656","132,409",42.3,38.9,34.9,36.6,-,-,-,-,-,-,-,-
,Oct,"314,817","184,698","141,042","129,962",42.3,39.1,34.5,35.9,-,-,-,-,-,-,-,-
,Nov,"314,211","182,742","141,687","133,810",42.3,38.7,34.6,37,-,-,-,-,-,-,-,-
,Dec,"307,562","182,542","141,993","133,575",41.4,38.7,34.7,36.9,-,-,-,-,-,-,-,-
2001,Jan,"313,677","185,344","144,786","134,820",42.2,39.3,35.4,37.3,-,-,-,-,-,-,-,-
,Feb,"316,859","187,191","145,438","134,244",42.6,39.7,35.6,37.1,-,-,-,-,-,-,-,-
,Mar,"312,590","186,613","146,149","136,351",42,39.5,35.7,37.7,-,-,-,-,-,-,-,-
,Apr,"317,568","187,982","148,477","137,996",42.7,39.8,36.3,38.1,-,-,-,-,-,-,-,-
,May,"320,126","192,150","152,402","142,572",43.1,40.7,37.3,39.4,-,-,-,-,-,-,-,-
,Jun,"321,946","193,754","152,838","144,946",43.3,41.1,37.4,40.1,-,-,-,-,-,-,-,-
,Jul,"337,102","199,554","156,018","145,315",45.3,42.3,38.2,40.2,-,-,-,-,-,-,-,-
,Aug,"340,860","201,833","159,357","149,188",45.8,42.8,39,41.2,-,-,-,-,-,-,-,-
,Sep,"344,116","202,792","159,498","149,093",46.3,43,39,41.2,-,-,-,-,-,-,-,-
,Oct,"348,354","205,977","161,134","149,680",46.9,43.6,39.4,41.4,-,-,-,-,-,-,-,-
,Nov,"346,501","206,766","161,179","151,527",46.6,43.8,39.4,41.9,-,-,-,-,-,-,-,-
,Dec,"340,664","205,384","160,381","153,617",45.8,43.5,39.2,42.5,-,-,-,-,-,-,-,-
2002,Jan,"352,528","210,722","163,445","153,883",47.4,44.7,40,42.5,-,-,-,-,-,-,-,-
,Feb,"347,520","209,278","164,721","154,884",46.7,44.3,40.3,42.8,-,-,-,-,-,-,-,-
,Mar,"351,801","211,962","166,555","157,187",47.3,44.9,40.7,43.4,-,-,-,-,-,-,-,-
,Apr,"359,916","217,092","170,602","163,549",48.4,46,41.7,45.2,-,-,-,-,-,-,-,-
,May,"367,527","223,779","175,772","166,997",49.4,47.4,43,46.2,-,-,-,-,-,-,-,-
,Jun,"369,726","224,529","178,283","171,396",49.7,47.6,43.6,47.4,-,-,-,-,-,-,-,-
,Jul,"389,899","233,908","184,737","173,793",52.4,49.6,45.2,48,-,-,-,-,-,-,-,-
,Aug,"394,662","239,197","189,142","177,432",53.1,50.7,46.3,49,-,-,-,-,-,-,-,-
,Sep,"399,194","242,636","190,416","178,855",53.7,51.4,46.6,49.4,-,-,-,-,-,-,-,-
,Oct,"404,694","246,998","192,683","179,988",54.4,52.3,47.1,49.7,-,-,-,-,-,-,-,-
,Nov,"412,507","248,842","195,211","184,228",55.5,52.7,47.7,50.9,-,-,-,-,-,-,-,-
,Dec,"407,963","252,359","196,414","184,471",54.9,53.5,48,51,-,-,-,-,-,-,-,-
2003,Jan,"419,137","254,641","202,041","186,926",56.4,54,49.4,51.7,-,-,-,-,-,-,-,-
,Feb,"414,982","256,602","200,114","186,523",55.8,54.4,48.9,51.5,-,-,-,-,-,-,-,-
,Mar,"415,288","255,085","199,740","185,407",55.9,54.1,48.8,51.2,-,-,-,-,-,-,-,-
,Apr,"415,921","258,067","201,120","188,347",55.9,54.7,49.2,52.1,-,-,-,-,-,-,-,-
,May,"418,968","261,553","205,740","189,359",56.4,55.4,50.3,52.3,-,-,-,-,-,-,-,-
,Jun,"417,655","259,215","202,891","188,717",56.2,54.9,49.6,52.2,-,-,-,-,-,-,-,-
,Jul,"426,441","266,051","208,794","192,154",57.4,56.4,51.1,53.1,-,-,-,-,-,-,-,-
,Aug,"423,770","264,469","208,159","190,918",57,56,50.9,52.8,-,-,-,-,-,-,-,-
,Sep,"428,779","266,092","208,553","190,449",57.7,56.4,51,52.6,-,-,-,-,-,-,-,-
,Oct,"427,660","267,387","210,387","192,263",57.5,56.7,51.4,53.1,-,-,-,-,-,-,-,-
,Nov,"425,184","267,314","211,536","193,463",57.2,56.6,51.7,53.5,-,-,-,-,-,-,-,-
,Dec,"420,852","267,879","211,690","196,159",56.6,56.8,51.8,54.2,-,-,-,-,-,-,-,-
2004,Jan,"434,342","271,332","214,541","196,490",58.4,57.5,52.5,54.3,-,-,-,-,-,-,-,-
,Feb,"434,984","273,084","216,428","196,693",58.5,57.9,52.9,54.4,-,-,-,-,-,-,-,-
,Mar,"432,135","271,383","217,492","199,326",58.1,57.5,53.2,55.1,-,-,-,-,-,-,-,-
,Apr,"435,578","278,620","223,420","202,365",58.6,59,54.6,55.9,-,-,-,-,-,-,-,-
,May,"430,197","279,298","224,193","204,628",57.9,59.2,54.8,56.6,-,-,-,-,-,-,-,-
,Jun,"438,283","281,838","225,947","207,895",59,59.7,55.3,57.5,-,-,-,-,-,-,-,-
,Jul,"447,529","288,388","231,683","209,501",60.2,61.1,56.7,57.9,-,-,-,-,-,-,-,-
,Aug,"452,951","288,655","232,422","210,563",60.9,61.2,56.8,58.2,-,-,-,-,-,-,-,-
,Sep,"451,595","288,161","231,902","209,748",60.7,61.1,56.7,58,-,-,-,-,-,-,-,-
,Oct,"448,530","286,511","230,059","207,943",60.3,60.7,56.3,57.5,-,-,-,-,-,-,-,-
,Nov,"449,256","287,896","231,718","211,065",60.4,61,56.7,58.3,-,-,-,-,-,-,-,-
,Dec,"441,332","282,435","227,556","206,756",59.4,59.9,55.6,57.1,-,-,-,-,-,-,-,-
2005,Jan,"448,212","284,417","230,578","208,376",60.3,60.3,56.4,57.6,"236,191","145,913","119,750","127,018",82.1,81.6,77.5,73.8
,Feb,"442,730","283,523","229,239","207,548",59.5,60.1,56.1,57.4,"234,509","146,578","119,434","127,046",81.5,82,77.3,73.8
,Mar,"440,100","282,278","229,777","207,511",59.2,59.8,56.2,57.3,"235,038","147,324","120,943","128,372",81.7,82.4,78.3,74.6
,Apr,"443,176","286,920","234,290","211,199",59.6,60.8,57.3,58.4,"236,330","149,615","122,906","130,545",82.1,83.7,79.6,75.8
,May,"447,963","288,344","233,940","211,479",60.3,61.1,57.2,58.4,"240,601","150,580","124,215","131,826",83.6,84.2,80.4,76.6
,Jun,"443,028","287,519","235,917","211,100",59.6,60.9,57.7,58.3,"239,089","151,657","126,133","133,124",83.1,84.8,81.7,77.3
,Jul,"449,202","290,947","237,279","212,892",60.4,61.7,58,58.8,"244,141","154,293","127,393","133,758",84.9,86.3,82.5,77.7
,Aug,"449,857","288,600","237,217","213,620",60.5,61.2,58,59,"246,629","153,880","128,019","134,530",85.7,86.1,82.9,78.2
,Sep,"451,638","290,297","237,361","211,176",60.7,61.5,58,58.4,"244,951","153,647","128,512","133,820",85.1,85.9,83.2,77.7
,Oct,"442,924","286,183","234,167","209,507",59.6,60.6,57.3,57.9,"244,596","153,722","127,976","133,529",85,86,82.9,77.6
,Nov,"445,427","288,242","236,536","211,694",59.9,61.1,57.8,58.5,"244,936","154,068","128,414","134,133",85.1,86.2,83.1,77.9
,Dec,"438,936","285,358","237,127","215,567",59,60.5,58,59.6,"242,343","153,914","129,718","136,871",84.2,86.1,84,79.5
2006,Jan,"454,025","291,590","240,015","214,584",61.1,61.8,58.7,59.3,"244,844","154,122","129,002","135,909",85.1,86.2,83.5,79
,Feb,"448,642","289,915","238,395","214,773",60.3,61.4,58.3,59.4,"243,243","154,159","129,318","137,211",84.5,86.2,83.7,79.7
,Mar,"454,096","292,056","241,348","216,507",61.1,61.9,59,59.8,"245,956","155,563","130,386","137,740",85.5,87,84.4,80
,Apr,"455,431","296,200","245,745","220,453",61.3,62.8,60.1,60.9,"249,485","159,151","133,945","140,314",86.7,89,86.7,81.5
,May,"460,366","297,797","247,011","223,018",61.9,63.1,60.4,61.6,"252,502","160,241","134,568","142,780",87.8,89.6,87.1,83
,Jun,"465,913","301,279","251,705","226,295",62.7,63.8,61.5,62.5,"252,748","161,638","136,637","144,114",87.8,90.4,88.5,83.7
,Jul,"473,171","306,203","255,910","226,972",63.6,64.9,62.6,62.7,"258,352","163,934","139,157","144,386",89.8,91.7,90.1,83.9
,Aug,"478,540","308,896","257,927","230,115",64.4,65.5,63.1,63.6,"261,682","165,273","139,870","145,759",90.9,92.4,90.6,84.7
,Sep,"483,177","310,130","257,836","231,214",65,65.7,63,63.9,"262,324","165,909","140,269","146,869",91.2,92.8,90.8,85.3
,Oct,"483,203","311,206","259,231","233,036",65,65.9,63.4,64.4,"263,693","166,832","141,278","147,609",91.6,93.3,91.5,85.8
,Nov,"484,883","312,651","260,129","231,582",65.2,66.3,63.6,64,"265,290","168,046","142,103","147,708",92.2,94,92,85.8
,Dec,"491,261","316,458","264,717","238,180",66.1,67.1,64.7,65.8,"264,999","169,329","144,505","151,264",92.1,94.7,93.6,87.9
2007,Jan,"496,475","319,628","268,351","240,937",66.8,67.7,65.6,66.6,"268,186","169,496","144,185","150,639",93.2,94.8,93.3,87.5
,Feb,"501,729","322,708","269,149","245,120",67.5,68.4,65.8,67.7,"267,642","169,788","144,010","152,704",93,95,93.2,88.7
,Mar,"506,544","325,473","274,191","246,442",68.1,69,67,68.1,"269,178","170,921","146,113","152,908",93.6,95.6,94.6,88.8
,Apr,"512,600","330,825","280,670","251,019",68.9,70.1,68.6,69.4,"273,582","174,013","149,342","156,410",95.1,97.3,96.7,90.9
,May,"515,304","334,101","282,458","256,149",69.3,70.8,69.1,70.8,"275,810","175,564","150,441","159,937",95.9,98.2,97.4,92.9
,Jun,"524,980","337,493","285,874","258,918",70.6,71.5,69.9,71.6,"279,156","177,260","152,369","161,353",97,99.1,98.6,93.7
,Jul,"547,759","350,983","296,015","266,890",73.7,74.4,72.4,73.8,"285,684","179,325","153,994","162,554",99.3,100.3,99.7,94.4
,Aug,"546,248","350,162","298,971","269,035",73.5,74.2,73.1,74.4,"287,929","180,401","155,100","162,878",100.1,100.9,100.4,94.6
,Sep,"552,891","351,709","297,548","270,506",74.4,74.5,72.8,74.8,"288,381","180,270","154,741","164,251",100.2,100.8,100.2,95.4
,Oct,"555,873","351,538","297,591","270,658",74.8,74.5,72.8,74.8,"288,223","179,621","154,398","163,837",100.2,100.5,100,95.2
,Nov,"560,486","354,894","296,952","268,479",75.4,75.2,72.6,74.2,"288,470","179,951","153,793","163,900",100.3,100.7,99.6,95.2
,Dec,"551,709","352,333","296,305","270,329",74.2,74.7,72.5,74.7,"285,242","179,364","154,082","164,472",99.1,100.3,99.8,95.6
2008,Jan,"562,436","354,015","298,254","269,578",75.7,75,72.9,74.5,"280,201","175,565","150,959","164,580",97.4,98.2,97.7,95.6
,Feb,"552,961","351,217","294,639","267,322",74.4,74.4,72,73.9,"277,037","174,660","149,627","162,953",96.3,97.7,96.9,94.7
,Mar,"547,952","349,568","294,811","264,226",73.7,74.1,72.1,73,"273,984","173,965","149,155","160,801",95.2,97.3,96.6,93.4
,Apr,"557,690","349,515","294,697","265,191",75,74.1,72.1,73.3,"275,418","173,450","149,733","160,963",95.7,97,96.9,93.5
,May,"550,050","350,758","295,286","266,306",74,74.3,72.2,73.6,"275,513","175,160","150,198","162,696",95.8,98,97.2,94.5
,Jun,"542,550","344,894","291,896","260,848",73,73.1,71.4,72.1,"271,990","172,913","148,590","159,875",94.5,96.7,96.2,92.9
,Jul,"546,197","343,508","288,804","262,734",73.5,72.8,70.6,72.6,"270,883","170,845","146,400","158,188",94.1,95.6,94.8,91.9
,Aug,"532,326","335,791","281,308","253,968",71.6,71.2,68.8,70.2,"266,384","167,166","143,180","154,671",92.6,93.5,92.7,89.9
,Sep,"524,235","326,819","274,565","250,460",70.5,69.3,67.1,69.2,"262,199","162,201","139,195","150,878",91.1,90.7,90.1,87.7
,Oct,"506,702","316,158","262,929","242,805",68.2,67,64.3,67.1,"255,567","159,515","136,263","147,979",88.8,89.2,88.2,86
,Nov,"493,046","308,780","257,811","233,135",66.3,65.4,63,64.4,"247,586","155,709","132,512","143,378",86,87.1,85.8,83.3
,Dec,"480,437","303,686","253,948","228,422",64.6,64.4,62.1,63.1,"242,938","152,977","131,693","140,291",84.4,85.6,85.3,81.5
2009,Jan,"484,980","300,817","250,089","229,353",65.2,63.7,61.2,63.4,"249,447","152,642","131,417","146,976",81.7,81.3,80.1,77.2
,Feb,"465,160","296,380","247,380","226,949",62.6,62.8,60.5,62.7,"243,589","151,813","130,359","146,113",79.7,80.8,79.4,76.8
,Mar,"460,766","291,834","244,007","225,466",62,61.8,59.7,62.3,"241,759","149,583","129,244","144,919",79.1,79.6,78.7,76.2
,Apr,"456,683","291,883","243,875","222,092",61.4,61.9,59.6,61.4,"242,506","151,958","131,043","144,266",79.4,80.9,79.8,75.8
,May,"462,317","295,985","248,103","227,052",62.2,62.7,60.7,62.7,"245,652","153,821","132,616","146,296",80.4,81.9,80.8,76.9
,Jun,"468,537","299,623","254,191","229,061",63,63.5,62.2,63.3,"249,229","155,148","134,445","147,179",81.6,82.6,81.9,77.3
,Jul,"484,437","310,207","261,258","233,071",65.2,65.7,63.9,64.4,"254,932","158,447","137,119","148,560",83.5,84.4,83.5,78.1
,Aug,"491,850","314,236","263,938","234,400",66.2,66.6,64.5,64.8,"258,189","160,458","138,640","149,846",84.5,85.4,84.5,78.7
,Sep,"497,220","316,791","267,705","241,515",66.9,67.1,65.5,66.7,"260,223","161,241","139,949","152,714",85.2,85.8,85.3,80.3
,Oct,"504,815","321,628","270,498","240,658",67.9,68.2,66.1,66.5,"262,447","163,158","140,772","152,088",85.9,86.9,85.8,79.9
,Nov,"501,064","318,077","270,130","238,347",67.4,67.4,66.1,65.9,"264,203","162,935","141,655","152,038",86.5,86.7,86.3,79.9
,Dec,"502,617","323,927","273,328","241,063",67.6,68.6,66.8,66.6,"261,546","165,103","143,754","153,597",85.6,87.9,87.6,80.7
2010,Jan,"525,410","335,145","283,569","249,180",70.7,71,69.3,68.9,"269,072","164,610","142,260","152,798",88.1,87.6,86.7,80.3
,Feb,"524,431","335,551","282,885","247,719",70.5,71.1,69.2,68.5,"268,692","166,053","143,067","153,394",88,88.4,87.2,80.6
,Mar,"532,768","335,940","281,836","250,903",71.7,71.2,68.9,69.3,"267,846","164,618","142,263","155,161",87.7,87.6,86.7,81.5
,Apr,"530,526","337,788","284,471","251,899",71.4,71.6,69.6,69.6,"270,032","167,370","144,371","155,667",88.4,89.1,88,81.8
,May,"532,230","337,877","285,520","250,835",71.6,71.6,69.8,69.3,"272,595","167,732","145,141","156,499",89.2,89.3,88.4,82.2
,Jun,"536,235","340,019","288,347","253,666",72.1,72.1,70.5,70.1,"272,388","168,657","146,573","157,200",89.2,89.8,89.3,82.6
,Jul,"560,177","351,466","298,269","259,349",75.3,74.5,72.9,71.7,"278,651","170,235","147,436","157,684",91.2,90.6,89.8,82.9
,Aug,"552,684","352,306","295,010","257,356",74.3,74.7,72.1,71.1,"279,085","171,568","147,014","157,522",91.4,91.3,89.6,82.8
,Sep,"559,284","350,133","294,941","256,612",75.2,74.2,72.1,70.9,"278,931","169,714","147,008","157,583",91.3,90.4,89.6,82.8
,Oct,"548,402","345,578","289,873","253,754",73.8,73.2,70.9,70.1,"275,435","168,310","144,807","155,787",90.2,89.6,88.2,81.9
,Nov,"545,732","343,402","284,672","250,196",73.4,72.8,69.6,69.1,"273,966","166,719","142,554","154,420",89.7,88.8,86.9,81.1
,Dec,"545,247","344,640","287,916","253,763",73.3,73,70.4,70.1,"270,911","166,338","143,256","154,766",88.7,88.6,87.3,81.3
2011,Jan,"561,353","347,089","291,581","255,214",75.5,73.6,71.3,70.5,"271,553","163,993","141,127","153,717",88.9,87.3,86,80.8
,Feb,"556,285","343,860","286,549","253,953",74.8,72.9,70.1,70.2,"269,866","163,287","140,631","153,823",88.3,86.9,85.7,80.8
,Mar,"559,907","342,214","287,434","257,165",75.3,72.5,70.3,71.1,"269,719","161,914","139,920","153,536",88.3,86.2,85.3,80.7
,Apr,"556,813","346,657","295,121","264,752",74.9,73.5,72.2,73.2,"270,693","164,316","142,530","156,518",88.6,87.5,86.8,82.3
,May,"539,789","342,357","286,936","254,026",72.6,72.5,70.2,70.2,"268,694","164,506","141,519","155,477",88,87.6,86.2,81.7
,Jun,"534,579","340,812","287,950","256,336",71.9,72.2,70.4,70.8,"267,670","164,896","142,124","155,417",87.6,87.8,86.6,81.7
,Jul,"555,115","350,495","298,117","265,623",74.7,74.3,72.9,73.4,"272,181","166,198","143,900","158,333",89.1,88.5,87.7,83.2
,Aug,"558,789","354,046","299,996","261,746",75.2,75,73.4,72.3,"274,481","167,447","143,876","155,598",89.9,89.1,87.7,81.8
,Sep,"566,622","353,417","299,513","262,610",76.2,74.9,73.2,72.6,"273,859","166,130","143,652","155,744",89.7,88.4,87.5,81.8
,Oct,"565,503","354,002","294,911","259,320",76.1,75,72.1,71.7,"272,417","165,294","141,529","153,963",89.2,88,86.2,80.9
,Nov,"559,120","348,955","291,888","260,317",75.2,73.9,71.4,71.9,"271,147","165,119","141,213","155,873",88.8,87.9,86,81.9
,Dec,"553,602","350,948","294,428","261,000",74.5,74.4,72,72.1,"268,681","165,018","141,597","155,280",88,87.9,86.3,81.6
2012,Jan,"554,780","352,985","297,924","262,346",74.6,74.8,72.9,72.5,"268,744","164,445","141,065","153,939",88,87.6,86,80.9
,Feb,"569,459","354,995","297,507","257,937",76.6,75.2,72.7,71.3,"268,744","164,145","141,631","153,278",88,87.4,86.3,80.5
,Mar,"544,127","345,599","294,550","259,216",73.2,73.2,72,71.6,"264,961","164,505","142,553","154,801",86.7,87.6,86.9,81.4
,Apr,"561,806","354,724","301,792","267,993",75.6,75.2,73.8,74.1,"271,607","165,786","142,988","157,909",88.9,88.3,87.1,83
,May,"570,424","361,779","308,408","271,470",76.7,76.7,75.4,75,"271,021","166,360","143,756","158,509",88.7,88.6,87.6,83.3
,Jun,"567,821","361,738","312,798","274,239",76.4,76.7,76.5,75.8,"271,301","167,513","146,691","159,561",88.8,89.2,89.4,83.9
,Jul,"580,113","366,704","315,144","275,099",78,77.7,77.1,76,"275,768","168,482","146,520","160,186",90.3,89.7,89.3,84.2
,Aug,"582,142","368,878","316,895","275,527",78.3,78.2,77.5,76.1,"275,476","169,230","147,399","159,581",90.2,90.1,89.8,83.9
,Sep,"579,776","365,664","314,230","274,948",78,77.5,76.8,76,"274,905","168,224","146,751","159,875",90,89.6,89.4,84
,Oct,"580,841","367,792","314,956","277,248",78.1,77.9,77,76.6,"272,924","167,351","145,203","159,803",89.4,89.1,88.5,84
,Nov,"579,766","366,472","313,951","275,027",78,77.7,76.8,76,"273,414","167,787","145,834","158,881",89.5,89.3,88.9,83.5
,Dec,"584,430","368,743","319,691","280,600",78.6,78.1,78.2,77.5,"272,600","167,007","145,717","159,610",89.2,88.9,88.8,83.9
2013,Jan,"585,417","371,472","316,619","277,251",78.7,78.7,77.4,76.6,"270,680","166,525","143,507","157,947",88.6,88.7,87.4,83
,Feb,"584,924","369,428","318,273","280,689",78.7,78.3,77.8,77.6,"270,741","166,105","144,347","158,875",88.6,88.4,88,83.5
,Mar,"587,252","369,862","317,191","278,831",79,78.4,77.6,77.1,"273,464","166,808","144,873","159,637",89.5,88.8,88.3,83.9
,Apr,"592,752","374,400","325,254","288,624",79.7,79.3,79.5,79.8,"274,649","168,231","146,485","162,125",89.9,89.6,89.3,85.2
,May,"600,796","379,979","327,099","288,559",80.8,80.5,80,79.7,"274,490","169,209","147,210","163,064",89.9,90.1,89.7,85.7
,Jun,"600,375","380,448","330,385","290,694",80.8,80.6,80.8,80.3,"276,077","170,400","149,113","163,902",90.4,90.7,90.9,86.1
,Jul,"612,056","388,303","339,351","298,764",82.3,82.3,83,82.6,"280,209","172,055","150,427","166,628",91.7,91.6,91.7,87.6
,Aug,"621,017","394,860","343,054","299,890",83.5,83.7,83.9,82.9,"282,175","173,892","151,571","167,111",92.4,92.6,92.4,87.8
,Sep,"627,915","394,236","346,089","306,464",84.5,83.5,84.6,84.7,"284,027","173,187","151,607","168,755",93,92.2,92.4,88.7
,Oct,"629,328","398,386","343,921","305,736",84.6,84.4,84.1,84.5,"283,961","173,058","150,022","168,285",93,92.1,91.4,88.4
,Nov,"631,279","401,464","348,311","309,270",84.9,85.1,85.2,85.5,"282,733","174,278","151,321","169,563",92.6,92.8,92.2,89.1
,Dec,"632,546","405,661","355,889","319,009",85.1,86,87,88.2,"283,606","176,030","153,457","173,720",92.8,93.7,93.5,91.3
2014,Jan,"651,986","413,770","360,184","320,787",87.7,87.7,88.1,88.7,"285,834","175,040","152,675","173,440",93.6,93.2,93,91.1
,Feb,"657,774","415,632","361,192","323,086",88.5,88.1,88.3,89.3,"287,173","176,449","153,599","174,059",94,93.9,93.6,91.5
,Mar,"656,427","417,649","365,214","326,778",88.3,88.5,89.3,90.3,"286,205","177,128","154,402","175,657",93.7,94.3,94.1,92.3
,Apr,"688,122","435,644","381,773","337,738",92.6,92.3,93.4,93.3,"292,607","180,531","158,218","179,535",95.8,96.1,96.4,94.3
,May,"692,487","441,186","388,249","345,723",93.1,93.5,94.9,95.5,"293,682","182,212","159,887","182,556",96.1,97,97.4,95.9
,Jun,"699,099","446,329","393,924","349,362",94,94.6,96.3,96.6,"295,994","184,122","161,284","184,220",96.9,98,98.3,96.8
,Jul,"728,491","465,103","407,975","357,492",98,98.6,99.8,98.8,"301,318","186,222","163,881","186,483",98.6,99.1,99.9,98
,Aug,"739,313","471,552","414,689","362,768",99.4,99.9,101.4,100.3,"305,532","188,678","165,811","188,844",100,100.5,101,99.2
,Sep,"738,828","468,585","411,840","362,757",99.4,99.3,100.7,100.3,"305,753","188,360","165,873","190,050",100.1,100.3,101.1,99.9
,Oct,"741,040","470,849","410,173","360,746",99.7,99.8,100.3,99.7,"306,037","188,458","165,005","189,664",100.2,100.3,100.5,99.7
,Nov,"743,115","472,027","409,211","358,450",100,100,100.1,99.1,"305,355","188,217","164,367","188,765",100,100.2,100.1,99.2
,Dec,"739,606","469,349","409,482","362,322",99.5,99.5,100.1,100.1,"305,638","188,273","164,959","190,423",100.1,100.2,100.5,100.1
2015,Jan,"743,471","471,904","408,951","361,840",100,100,100,100,"305,452","187,827","164,123","190,290",100,100,100,100
,Feb,"748,417","473,702","410,966","363,574",100.7,100.4,100.5,100.5,"306,211","188,027","164,756","191,036",100.2,100.1,100.4,100.4
,Mar,"746,670","474,072","410,639","363,615",100.4,100.5,100.4,100.5,"307,160","188,399","163,970","190,914",100.6,100.3,99.9,100.3
,Apr,"759,614","480,438","419,154","367,469",102.2,101.8,102.5,101.6,"310,361","190,529","167,023","192,450",101.6,101.4,101.8,101.1
,May,"758,190","485,444","422,193","374,213",102,102.9,103.2,103.4,"312,056","193,136","168,753","195,666",102.2,102.8,102.8,102.8
,June,"772,089","493,081","431,687","373,769",103.8,104.5,105.6,103.3,"314,484","194,747","171,013","195,288",103,103.7,104.2,102.6
,Jul,"787,783","506,181","443,661","385,416",106,107.3,108.5,106.5,"320,036","197,839","173,425","200,004",104.8,105.3,105.7,105.1
,Aug,"805,864","514,997","448,942","387,978",108.4,109.1,109.8,107.2,"324,044","199,784","175,208","201,842",106.1,106.4,106.8,106.1
,Sep,"820,565","517,030","450,734","392,127",110.4,109.6,110.2,108.4,"326,952","199,460","175,126","203,091",107,106.2,106.7,106.7
,Oct,"824,799","525,228","455,397","389,400",110.9,111.3,111.4,107.6,"326,398","200,651","175,715","202,376",106.9,106.8,107.1,106.4
,Nov,"828,661","528,318","458,454","395,612",111.5,112,112.1,109.3,"328,957","202,221","176,903","204,910",107.7,107.7,107.8,107.7
,Dec,"844,884","536,465","462,912","398,893",113.6,113.7,113.2,110.2,"331,013","203,031","177,739","205,939",108.4,108.1,108.3,108.2
2016,Jan,"846,956","546,758","470,317","405,793",113.9,115.9,115,112.1,"330,358","204,390","177,948","207,941",108.2,108.8,108.4,109.3
,Feb,"863,896","550,400","472,651","403,745",116.2,116.6,115.6,111.6,"331,270","204,072","178,610","207,771",108.5,108.6,108.8,109.2
,Mar,"873,391","549,954","477,329","412,842",117.5,116.5,116.7,114.1,"335,972","204,332","179,607","211,891",110,108.8,109.4,111.4
,Apr,"859,832","551,600","477,313","407,094",115.7,116.9,116.7,112.5,"334,113","207,296","181,914","210,424",109.4,110.4,110.8,110.6
,May,"864,839","557,920","481,745","414,351",116.3,118.2,117.8,114.5,"335,334","209,006","184,130","215,654",109.8,111.3,112.2,113.3
,Jun,"885,121","560,281","483,455","413,275",119.1,118.7,118.2,114.2,"342,170","210,756","185,472","215,500",112,112.2,113,113.2
,Jul,"893,103","572,688","493,363","418,347",120.1,121.4,120.6,115.6,"344,250","213,331","187,859","217,820",112.7,113.6,114.5,114.5
,Aug,"889,075","568,552","488,355","415,648",119.6,120.5,119.4,114.9,"345,628","213,584","187,742","218,109",113.2,113.7,114.4,114.6
,Sep,"883,706","565,376","486,660","416,967",118.9,119.8,119,115.2,"346,813","213,476","186,667","217,713",113.5,113.7,113.7,114.4
,Oct,"883,336","565,977","482,452","417,532",118.8,119.9,118,115.4,"346,217","212,661","184,854","218,226",113.3,113.2,112.6,114.7
,Nov,"886,553","562,093","480,836","418,660",119.2,119.1,117.6,115.7,"349,672","213,385","185,434","218,906",114.5,113.6,113,115
,Dec,"887,005","562,272","483,479","419,937",119.3,119.1,118.2,116.1,"349,408","213,878","186,867","220,018",114.4,113.9,113.9,115.6
2017,Jan,"893,279","568,911","487,710","421,834",120.1,120.6,119.3,116.6,"349,733","213,611","185,996","220,139",114.5,113.7,113.3,115.7
,Feb,"887,959","563,242","482,631","427,256",119.4,119.4,118,118.1,"349,569","213,593","186,974","223,873",114.4,113.7,113.9,117.6
,Mar,"893,859","566,834","485,460","422,917",120.2,120.1,118.7,116.9,"350,079","213,544","185,775","221,172",114.6,113.7,113.2,116.2
,Apr,"899,133","567,701","488,136","428,541",120.9,120.3,119.4,118.4,"354,228","216,485","188,856","224,125",116,115.3,115.1,117.8
,May,"890,430","571,569","487,874","430,111",119.8,121.1,119.3,118.9,"353,461","218,918","190,021","227,417",115.7,116.6,115.8,119.5
,Jun,"890,539","569,116","490,877","428,001",119.8,120.6,120,118.3,"357,220","220,112","192,410","227,646",116.9,117.2,117.2,119.6
,Jul,"903,023","582,307","499,705","434,837",121.5,123.4,122.2,120.2,"361,493","222,914","194,396","230,482",118.3,118.7,118.4,121.1
,Aug,"904,655","579,880","501,173","432,209",121.7,122.9,122.6,119.4,"363,088","223,857","196,312","230,443",118.9,119.2,119.6,121.1
,Sep,"913,220","578,519","496,318","428,892",122.8,122.6,121.4,118.5,"365,228","223,502","195,140","228,595",119.6,119,118.9,120.1
,Oct,"908,782","580,410","494,013","426,315",122.2,123,120.8,117.8,"365,469","224,513","194,602","227,770",119.6,119.5,118.6,119.7
,Nov,"892,900","573,421","488,341","421,807",120.1,121.5,119.4,116.6,"363,065","223,741","194,051","227,222",118.9,119.1,118.2,119.4
,Dec,"899,100","573,194","489,692","421,917",120.9,121.5,119.7,116.6,"364,892","225,102","195,761","227,130",119.5,119.8,119.3,119.4
2018,Jan,"895,602","576,870","490,615","425,766",120.5,122.2,120,117.7,"364,058","223,772","193,455","227,374",119.2,119.1,117.9,119.5
,Feb,"898,057","574,508","489,511","423,537",120.8,121.7,119.7,117.1,"366,752","224,239","194,649","227,060",120.1,119.4,118.6,119.3
,Mar,"890,041","572,169","487,242","416,546",119.7,121.2,119.1,115.1,"363,951","223,394","194,044","223,988",119.2,118.9,118.2,117.7
,Apr,"898,928","579,191","493,274","420,315",120.9,122.7,120.6,116.2,"365,944","225,756","196,259","224,796",119.8,120.2,119.6,118.1
,May,"903,088","581,868","497,350","420,076",121.5,123.3,121.6,116.1,"368,006","226,764","197,039","225,472",120.5,120.7,120.1,118.5
,Jun,"909,153","587,607","497,145","421,188",122.3,124.5,121.6,116.4,"369,449","228,872","197,758","227,383",121,121.9,120.5,119.5
,Jul,"929,011","591,665","504,801","424,322",125,125.4,123.4,117.3,"376,383","231,083","200,525","228,677",123.2,123,122.2,120.2
,Aug,"912,509","583,664","498,383","420,693",122.7,123.7,121.9,116.3,"350,964","218,970","187,871","207,243",122,122.5,122,119.7
,Sep,"912,657","583,686","496,528","416,752",122.8,123.7,121.4,115.2,"351,794","218,879","187,079","206,000",122.3,122.4,121.5,118.9
,Oct,"919,152","586,412","498,827","420,173",123.6,124.3,122,116.1,"351,815","218,681","186,484","205,754",122.3,122.3,121.1,118.8
,Nov,"914,236","581,142","494,844","414,694",123,123.1,121,114.6,"349,944","217,934","186,111","204,372",121.6,121.9,120.9,118
,Dec,"898,953","579,721","490,397","415,439",120.9,122.8,119.9,114.8,"348,097","217,833","185,478","205,414",121,121.8,120.5,118.6
2019,Jan,"909,861","578,054","488,264","410,934",122.4,122.5,119.4,113.6,"349,197","216,342","183,361","202,876",121.4,121,119.1,117.1
,Feb,"897,130","571,003","484,811","407,751",120.7,121,118.5,112.7,"347,442","215,763","183,453","202,169",120.8,120.7,119.2,116.7
,Mar,"879,600","566,491","483,203","406,906",118.3,120,118.2,112.5,"345,433","215,930","183,158","201,004",120.1,120.8,119,116.1
,Apr,"888,074","570,931","489,953","411,538",119.4,121,119.8,113.7,"347,096","217,112","185,396","202,381",120.6,121.4,120.4,116.8
,May,"880,679","567,874","486,919","404,455",118.5,120.3,119.1,111.8,"347,358","218,004","186,147","201,795",120.7,121.9,120.9,116.5
,June,"894,543","580,036","491,748","410,983",120.3,122.9,120.2,113.6,"348,269","218,913","186,216","204,176",121,122.4,121,117.9
,July,"901,426","582,013","499,617","420,028",121.2,123.3,122.2,116.1,"352,581","220,453","188,709","206,730",122.5,123.3,122.6,119.4
,Aug ,"903,236","579,759","500,235","410,338",121.5,122.9,122.3,113.4,"354,764","221,351","190,040","205,047",123.3,123.8,123.4,118.4
,Sep ,"900,358","577,519","498,838","419,530",121.1,122.4,122,115.9,"354,109","220,892","189,849","207,698",123.1,123.6,123.3,119.9
,Oct ,"903,366","585,314","497,410","412,541",121.5,124,121.6,114,"353,803","222,804","188,773","204,556",123,124.6,122.6,118.1
,Nov,"904,492","580,116","495,186","405,653",121.7,122.9,121.1,112.1,"353,249","221,620","188,207","202,398",122.8,124,122.3,116.9
,Dec,"908,835","584,987","502,755","418,800",122.2,124,122.9,115.7,"351,119","220,585","188,464","203,716",122,123.4,122.4,117.6
2020,Jan ,"891,775","579,863","498,106","416,666",119.9,122.9,121.8,115.2,"352,445","221,149","187,803","203,784",122.5,123.7,122,117.7
,Feb,"913,683","584,999","501,980","411,498",122.9,124,122.7,113.7,"351,076","219,816","187,718","200,754",122,123,121.9,115.9
,Mar,"919,659","591,595","506,338","420,460",123.7,125.4,123.8,116.2,"354,353","221,618","189,145","204,264",123.2,124,122.9,117.9
,Apr,"919,867","584,188","502,955","411,367",123.7,123.8,123,113.7,"353,179","219,334","187,559","198,504",122.7,122.7,121.8,114.6
,May ,"904,191","583,904","498,207","406,149",121.6,123.7,121.8,112.2,"350,785","221,440","187,575","200,730",121.9,123.9,121.8,115.9
,Jun,"905,830","593,030","511,303","412,696",121.8,125.7,125,114.1,"354,703","224,591","192,186","203,514",123.3,125.6,124.8,117.5
,Jul,"918,745","595,666","511,962","418,283",123.6,126.2,125.2,115.6,"359,611","226,336","192,944","205,601",125,126.6,125.3,118.7
,Aug,"936,008","607,251","523,007","419,456",125.9,128.7,127.9,115.9,"364,495","229,474","195,372","205,009",126.7,128.4,126.9,118.4
,Sep,"940,995","609,905","526,434","424,519",126.6,129.2,128.7,117.3,"369,556","230,810","197,180","208,519",128.4,129.1,128.1,120.4
,Oct,"943,640","608,043","523,873","417,093",126.9,128.8,128.1,115.3,"376,103","233,987","199,792","208,984",130.7,130.9,129.8,120.7
,Nov,"961,077","617,269","532,079","424,338",129.3,130.8,130.1,117.3,"378,382","235,709","201,997","211,787",131.5,131.8,131.2,122.3
,Dec,"962,199","622,112","534,962","425,729",129.4,131.8,130.8,117.7,"384,078","238,515","204,314","212,526",133.5,133.4,132.7,122.7
2021,Jan,"964,309","621,952","535,223","427,497",129.7,131.8,130.9,118.1,"383,312","238,660","203,395","213,332",133.2,133.5,132.1,123.2
,Feb,"956,499","615,085","528,384","417,610",128.7,130.3,129.2,115.4,"383,235","238,733","204,542","210,953",133.2,133.5,132.9,121.8
,Mar,"968,148","625,379","538,252","426,489",130.2,132.5,131.6,117.9,"388,601","242,157","207,980","214,881",135.1,135.4,135.1,124.1
,Apr,"968,326","617,624","528,479","417,905",130.2,130.9,129.2,115.5,"386,228","238,956","204,691","210,972",134.2,133.7,133,121.8
,May,"973,866","619,856","525,642","410,330",131,131.4,128.5,113.4,"386,982","240,848","205,877","210,902",134.5,134.7,133.7,121.8
,Jun,"995,157","639,903","553,748","424,804",133.9,135.6,135.4,117.4,"407,555","253,963","220,312","220,562",141.6,142.1,143.1,127.3
,Jul,"1,002,018","622,628","529,208","431,581",134.8,131.9,129.4,119.3,"391,932","242,935","206,149","215,076",136.2,135.9,133.9,124.2
,Aug,"1,037,321","651,866","554,188","429,821",139.5,138.1,135.5,118.8,"405,568","250,682","213,089","216,806",141,140.2,138.4,125.2
,Sep,"1,030,185","654,180","555,820","427,655",138.6,138.6,135.9,118.2,"418,232","259,217","221,762","222,420",145.4,145,144.1,128.4
,Oct,"1,056,409","657,164","551,552","430,997",142.1,139.3,134.9,119.1,"422,414","254,238","213,733","218,552",146.8,142.2,138.8,126.2
,Nov,"1,050,952","659,161","554,409","434,613",141.4,139.7,135.6,120.1,"424,158","258,557","217,515","222,041",147.4,144.6,141.3,128.2
,Dec,"1,047,821","661,568","559,811","431,434",140.9,140.2,136.9,119.2,"425,075","259,850","220,927","220,954",147.7,145.3,143.5,127.6
2022,Jan,"1,044,102","663,718","561,151","434,265",140.4,140.6,137.2,120,"429,880","263,277","221,662","222,782",149.4,147.3,144,128.6
,Feb,"1,050,176","662,980","559,102","436,433",141.3,140.5,136.7,120.6,"428,310","263,085","221,999","223,854",148.9,147.2,144.2,129.2
,Mar,"1,064,082","668,730","561,915","430,322",143.1,141.7,137.4,118.9,"434,127","265,515","223,283","221,627",150.9,148.5,145,128
,Apr,"1,074,156","674,803","572,250","435,256",144.5,143,139.9,120.3,"438,234","267,922","226,801","224,282",152.3,149.9,147.3,129.5
,May,"1,080,831","681,354","573,371","435,110",145.4,144.4,140.2,120.2,"443,741","272,350","230,036","227,385",154.2,152.3,149.4,131.3
,Jun,"1,079,510","689,883","586,483","443,140",145.2,146.2,143.4,122.5,"443,165","274,230","233,107","230,124",154,153.4,151.4,132.9
,Jul,"1,088,436","696,241","594,998","447,551",146.4,147.5,145.5,123.7,"450,835","279,574","237,615","233,300",156.7,156.4,154.4,134.7
,Aug,"1,115,853","707,670","601,958","450,088",150.1,150,147.2,124.4,"458,706","282,228","240,154","234,268",159.4,157.9,156,135.3
,Sep,"1,119,167","711,163","602,786","449,378",150.5,150.7,147.4,124.2,"463,246","285,156","241,751","233,762",161,159.5,157,135
,Oct,"1,112,277","706,039","596,036","443,546",149.6,149.6,145.7,122.6,"467,174","286,120","241,471","233,135",162.4,160,156.9,134.6
,Nov,"1,113,967","707,571","597,717","447,519",149.8,149.9,146.2,123.7,"466,551","286,817","242,270","234,278",162.1,160.4,157.4,135.3
,Dec,"1,112,825","708,503","593,676","449,782",149.7,150.1,145.2,124.3,"463,108","286,413","241,147","233,400",161,160.2,156.6,134.8
