,City of London,Barking & Dagenham,Barnet,Bexley,Brent,Bromley,Camden,Croydon,Ealing,Enfield,Greenwich,Hackney,Hammersmith & Fulham,Haringey,Harrow,Havering,Hillingdon,Hounslow,Islington,Kensington & Chelsea,Kingston upon Thames,Lambeth,Lewisham,Merton,Newham,Redbridge,Richmond upon Thames,Southwark,Sutton,Tower Hamlets,Waltham Forest,Wandsworth,Westminster,,Inner London,Outer London,,NORTH EAST,NORTH WEST,YORKS & THE HUMBER,EAST MIDLANDS,WEST MIDLANDS,EAST OF ENGLAND,LONDON,SOUTH EAST,SOUTH WEST,,England
,E09000001,E09000002,E09000003,E09000004,E09000005,E09000006,E09000007,E09000008,E09000009,E09000010,E09000011,E09000012,E09000013,E09000014,E09000015,E09000016,E09000017,E09000018,E09000019,E09000020,E09000021,E09000022,E09000023,E09000024,E09000025,E09000026,E09000027,E09000028,E09000029,E09000030,E09000031,E09000032,E09000033,,E13000001,E13000002,,E12000001,E12000002,E12000003,E12000004,E12000005,E12000006,E12000007,E12000008,E12000009,,E92000001
Jan-95,17,96,332,269,233,323,198,375,303,327,182,131,227,226,221,203,202,175,90,324,213,227,211,219,168,268,208,182,218,147,249,403,339,,"2,890","4,616",,"1,983","5,801","4,489","3,990","4,199","5,812","7,506","8,809","5,050",,"47,639"
Feb-95,7,95,327,207,220,326,194,342,242,302,174,115,185,223,175,198,256,145,102,207,185,207,206,204,189,277,212,169,177,149,226,379,251,,"2,583","4,290",,"1,986","6,129","4,349","4,211","4,633","5,928","6,873","8,658","5,113",,"47,880"
Mar-95,14,144,384,318,320,449,207,447,377,437,206,159,265,317,249,282,337,263,140,318,221,315,300,275,294,385,307,270,319,166,276,513,365,,"3,643","5,996",,"3,052","8,375","6,149","5,840","6,262","8,374","9,639","12,177","7,157",,"67,025"
Apr-95,7,109,304,253,249,362,174,377,270,337,176,141,258,244,216,297,255,211,125,293,194,288,227,230,217,317,249,169,268,204,253,451,328,,"3,126","4,927",,"2,406","6,714","5,338","4,892","5,218","7,004","8,053","10,941","6,359",,"56,925"
May-95,10,149,393,317,293,428,220,449,345,393,216,138,233,330,244,297,279,233,139,274,229,309,311,269,284,399,289,212,310,186,281,517,317,,"3,480","5,813",,"2,857","7,641","6,200","5,377","6,094","7,765","9,293","11,975","6,990",,"64,192"
Jun-95,17,148,436,324,311,431,248,466,353,428,233,175,291,303,256,274,311,350,184,294,262,304,332,331,279,356,372,254,349,231,329,548,370,,"3,830","6,320",,"3,251","9,171","6,915","6,283","6,916","8,864","10,150","13,288","7,802",,"72,640"
Jul-95,13,117,429,314,303,399,248,427,374,390,240,152,226,255,266,274,287,328,186,314,261,324,294,303,240,363,309,264,294,151,274,503,323,,"3,493","5,952",,"2,719","7,393","5,813","5,359","6,022","7,985","9,445","12,565","6,941",,"64,242"
Aug-95,14,150,425,297,341,453,259,480,377,411,240,131,298,282,285,274,345,372,154,279,278,312,325,323,265,327,321,232,299,239,293,531,353,,"3,674","6,291",,"2,969","7,962","6,375","5,656","6,518","8,535","9,965","13,609","7,680",,"69,269"
Sep-95,17,112,423,281,277,408,263,480,327,432,224,125,249,276,230,274,320,344,162,287,267,300,307,260,217,338,301,186,274,206,285,451,346,,"3,392","5,857",,"2,983","8,302","6,364","5,654","6,439","8,030","9,249","12,698","7,532",,"67,251"
Oct-95,14,120,396,274,282,392,245,423,352,377,203,133,235,307,223,227,276,322,146,243,232,272,244,240,249,302,255,177,264,143,284,434,300,,"3,142","5,444",,"2,674","7,705","5,756","5,163","5,730","7,442","8,586","11,356","6,852",,"61,264"
Nov-95,11,127,405,299,300,372,208,462,329,424,205,154,208,289,252,320,309,359,125,269,259,281,278,278,238,316,274,201,267,139,274,386,312,,"3,099","5,831",,"2,620","8,084","6,038","5,463","6,011","7,892","8,930","11,978","6,939",,"63,955"
Dec-95,18,109,435,259,283,399,224,444,348,443,208,155,247,267,218,238,276,349,146,304,270,296,296,252,305,316,288,283,318,156,240,452,319,,"3,468","5,693",,"2,859","9,225","6,580","6,006","6,739","8,660","9,161","12,709","7,406",,"69,345"
Jan-96,17,94,357,210,251,352,193,382,281,324,154,131,205,225,240,236,300,226,128,257,174,234,250,214,226,311,230,188,216,114,251,384,335,,"2,887","4,803",,"2,020","5,585","4,354","3,927","4,473","5,931","7,690","9,177","5,537",,"48,694"
Feb-96,10,154,358,228,209,375,181,358,291,334,180,132,191,248,228,211,266,256,129,220,190,227,242,222,216,276,226,194,279,168,206,367,236,,"2,761","4,847",,"2,113","6,127","4,707","4,278","4,907","6,407","7,608","9,578","5,676",,"51,401"
Mar-96,17,152,454,283,335,447,214,512,376,460,229,152,290,297,248,291,361,293,164,293,251,322,321,315,289,371,315,227,292,144,289,481,330,,"3,541","6,274",,"2,893","8,656","5,972","5,878","6,249","8,394","9,815","12,633","7,963",,"68,453"
Apr-96,14,125,470,291,275,441,260,478,359,381,183,126,284,256,255,254,318,301,164,324,268,307,305,265,228,348,335,236,296,145,313,495,316,,"3,460","5,956",,"2,604","7,441","5,597","5,358","5,583","7,960","9,416","12,717","7,601",,"64,277"
May-96,19,143,509,344,294,578,287,594,429,452,268,122,322,292,311,338,404,346,162,366,316,439,345,302,279,367,383,225,376,212,288,605,393,,"4,068","7,042",,"3,464","9,202","6,937","6,738","7,627","9,886","11,110","15,061","8,912",,"78,937"
Jun-96,28,142,554,345,291,485,282,452,400,444,211,155,307,288,282,297,408,373,201,305,279,412,341,328,247,360,416,287,363,204,295,569,361,,"3,987","6,725",,"3,235","9,112","6,756","6,477","7,038","9,393","10,712","14,394","8,428",,"75,545"
Jul-96,30,178,643,418,343,645,355,583,429,531,293,208,360,378,330,347,413,380,265,440,296,489,380,334,310,375,431,288,406,195,376,744,431,,"4,873","7,751",,"3,382","9,516","7,394","7,115","7,839","10,734","12,624","16,827","9,908",,"85,339"
Aug-96,25,164,574,373,347,635,340,617,508,497,279,183,381,377,339,429,465,363,233,426,359,442,372,457,272,467,613,231,444,237,393,726,453,,"4,698","8,323",,"3,671","10,166","7,839","7,657","8,648","11,071","13,021","18,222","10,742",,"91,037"
Sep-96,32,156,533,301,328,553,349,558,481,453,262,215,387,337,331,320,453,280,210,411,291,384,334,359,297,412,447,293,364,239,344,669,437,,"4,594","7,226",,"3,347","9,100","6,908","6,549","7,250","10,139","11,820","15,466","9,437",,"80,016"
Oct-96,33,172,594,384,350,625,344,612,548,457,262,193,386,373,362,369,489,331,217,364,319,455,395,400,345,438,462,289,376,255,399,694,475,,"4,818","7,949",,"3,477","10,026","7,658","6,964","7,734","10,831","12,767","16,666","10,188",,"86,311"
Nov-96,31,217,557,391,389,693,369,619,470,589,331,209,385,390,329,386,520,371,251,425,307,518,429,376,300,478,491,295,412,256,426,688,444,,"4,990","8,352",,"3,932","10,689","8,112","7,896","8,995","11,795","13,342","17,864","10,890",,"93,515"
Dec-96,26,184,548,387,344,602,354,660,500,552,311,220,402,368,336,323,417,341,222,440,347,496,420,386,351,418,506,314,411,309,371,680,482,,"5,084","7,944",,"3,270","9,946","7,677","7,206","7,759","11,151","13,028","16,879","9,795",,"86,711"
Jan-97,22,153,468,360,320,499,273,528,450,398,228,176,307,302,277,296,358,290,230,428,234,400,315,317,250,371,405,249,296,219,299,617,427,,"4,215","6,547",,"2,548","7,532","5,704","5,315","6,093","8,288","10,762","12,740","7,761",,"66,743"
Feb-97,37,169,461,347,283,522,293,556,414,407,202,183,258,334,248,280,391,312,192,375,290,385,306,329,267,293,344,253,275,223,312,537,417,,"4,060","6,435",,"2,458","7,654","5,515","5,338","6,084","8,299","10,495","12,766","7,637",,"66,246"
Mar-97,70,192,429,365,327,555,300,604,430,460,227,195,281,369,307,335,398,328,217,359,303,423,390,341,304,373,343,373,360,306,321,631,432,,"4,650","6,998",,"2,850","8,734","6,632","6,506","6,797","9,613","11,648","14,336","8,957",,"76,073"
Apr-97,19,175,516,379,315,570,336,595,455,469,230,191,364,355,291,364,371,341,249,410,308,469,348,370,328,439,423,341,354,251,386,676,518,,"4,855","7,351",,"2,951","8,762","6,677","6,275","6,923","10,101","12,206","15,424","9,292",,"78,611"
May-97,12,202,561,403,342,569,303,622,506,520,289,205,360,383,342,410,491,349,278,433,332,530,410,363,267,414,480,361,413,289,409,790,516,,"5,137","8,017",,"3,704","10,484","7,753","7,939","8,552","11,318","13,154","17,982","10,657",,"91,543"
Jun-97,21,203,599,442,364,664,330,664,530,568,303,240,380,362,377,355,436,382,318,439,360,490,450,380,326,463,449,344,406,289,387,709,702,,"5,400","8,332",,"3,977","10,704","8,182","8,167","8,614","12,366","13,732","18,465","11,209",,"95,416"
Jul-97,26,265,726,437,474,783,374,770,578,625,343,301,407,462,402,444,497,429,313,478,430,651,549,440,338,507,588,393,461,327,497,802,640,,"6,061","9,696",,"3,920","11,134","8,747","8,297","8,849","13,380","15,757","20,417","12,208",,"102,709"
Aug-97,9,244,604,466,398,652,334,692,545,539,307,285,373,380,384,413,452,436,292,357,406,512,479,425,344,499,545,391,411,338,446,741,534,,"5,369","8,864",,"3,962","11,036","8,328","8,282","9,032","12,568","14,233","19,489","11,834",,"98,764"
Sep-97,22,214,656,390,336,630,337,638,498,548,303,216,368,411,340,332,419,368,228,419,374,471,437,420,326,452,459,327,408,357,394,765,653,,"5,337","8,179",,"3,505","10,274","7,543","7,486","7,786","11,164","13,516","17,515","10,703",,"89,492"
Oct-97,22,244,608,389,412,687,374,663,563,528,351,253,356,400,397,361,463,431,255,341,350,536,478,400,357,466,451,416,435,460,395,723,531,,"5,502","8,594",,"3,876","11,336","8,315","7,983","8,705","12,004","14,096","18,388","11,229",,"95,932"
Nov-97,18,188,541,373,343,556,290,551,437,500,297,237,288,334,273,288,400,355,216,334,329,466,413,296,287,426,350,450,371,339,378,614,447,,"4,733","7,252",,"3,345","9,651","7,031","6,805","7,512","10,134","11,985","15,626","9,474",,"81,563"
Dec-97,37,185,519,355,335,577,323,553,456,519,311,293,335,370,344,378,370,399,256,334,380,498,420,399,369,379,423,432,331,379,344,659,497,,"5,202","7,557",,"3,634","10,807","7,734","7,166","7,784","10,832","12,759","16,565","10,312",,"87,593"
Jan-98,48,152,437,293,299,429,294,462,412,410,219,166,220,278,249,274,302,211,246,315,283,371,322,302,254,323,332,249,267,293,288,494,373,,"3,923","5,944",,"2,522","6,965","5,155","4,941","5,253","7,766","9,867","11,473","7,094",,"61,036"
Feb-98,43,153,439,302,256,425,206,523,341,416,224,172,224,249,248,225,326,237,203,236,219,358,340,285,259,312,315,268,269,230,306,450,360,,"3,598","5,821",,"2,488","7,503","5,205","5,219","5,693","7,965","9,419","11,684","7,328",,"62,504"
Mar-98,39,190,506,367,367,549,297,602,414,510,232,257,311,291,310,281,396,304,223,355,271,476,378,303,326,356,348,375,333,314,367,558,448,,"4,648","7,006",,"3,106","9,252","6,566","6,516","6,892","9,606","11,654","14,261","8,849",,"76,702"
Apr-98,28,202,539,340,364,553,305,583,419,467,251,239,312,321,330,286,358,284,222,334,292,456,388,345,325,387,396,341,361,296,368,646,491,,"4,704","7,125",,"3,350","9,309","6,997","6,658","6,854","10,197","11,829","15,354","9,318",,"79,866"
May-98,30,206,514,350,363,560,311,572,508,443,282,233,324,355,306,285,386,310,284,334,338,487,422,344,303,389,421,326,379,364,353,643,517,,"4,933","7,309",,"3,735","10,177","7,383","7,532","8,083","10,551","12,242","16,549","10,355",,"86,607"
Jun-98,32,191,551,359,400,611,335,643,537,540,342,275,340,413,355,332,483,301,278,358,272,519,388,405,363,409,456,415,414,476,437,744,467,,"5,403","8,038",,"4,051","10,723","8,145","7,671","8,042","11,442","13,441","17,473","10,735",,"91,723"
Jul-98,17,321,673,430,472,565,374,738,567,634,326,272,394,405,421,388,496,360,288,395,395,625,479,458,386,514,452,453,469,399,444,794,550,,"5,831","9,123",,"4,312","11,896","8,886","8,613","9,647","12,880","14,954","19,943","12,450",,"103,581"
Aug-98,34,221,593,345,346,506,290,696,526,505,266,286,280,387,340,345,457,327,256,356,327,490,402,381,364,419,444,407,411,418,387,700,419,,"5,089","7,842",,"3,542","10,546","7,562","7,502","8,019","11,236","12,931","17,256","10,578",,"89,172"
Sep-98,40,236,601,384,372,514,343,664,493,580,331,255,353,355,322,342,415,272,281,369,328,511,460,380,328,390,427,359,378,455,442,644,498,,"5,251","7,871",,"3,468","10,146","7,159","6,962","7,355","10,792","13,122","16,286","9,993",,"85,283"
Oct-98,42,242,495,382,358,508,289,606,492,495,346,244,255,358,313,329,448,308,299,349,303,435,433,406,349,446,414,370,386,408,420,657,416,,"4,904","7,697",,"3,853","10,731","8,086","7,609","8,304","10,746","12,601","15,879","10,530",,"88,339"
Nov-98,23,202,490,357,344,449,258,647,455,561,296,281,212,334,331,322,442,275,235,341,266,368,397,339,340,388,406,348,394,364,384,608,344,,"4,453","7,348",,"3,383","9,965","7,382","7,178","7,571","9,907","11,801","15,087","9,496",,"81,770"
Dec-98,48,180,531,364,350,469,240,550,458,531,320,259,266,350,306,285,415,303,278,339,260,447,437,318,382,415,386,369,372,483,376,530,464,,"4,892","7,189",,"3,542","10,259","7,834","7,522","7,632","10,545","12,081","15,235","9,504",,"84,154"
Jan-99,41,177,417,292,261,406,208,442,371,399,270,196,198,229,210,222,335,241,220,292,215,322,283,268,251,297,302,284,276,273,307,452,353,,"3,602","5,708",,"2,317","6,943","4,908","4,928","5,509","7,561","9,310","11,624","6,889",,"59,989"
Feb-99,31,141,412,293,304,396,210,441,351,389,235,155,191,282,265,259,315,263,245,267,204,325,339,281,269,309,304,264,300,289,338,473,357,,"3,697","5,800",,"2,436","7,600","5,268","5,227","5,711","7,613","9,497","11,441","7,371",,"62,164"
Mar-99,53,197,583,401,391,536,310,596,486,476,364,208,278,319,314,325,433,349,283,428,275,441,385,357,351,414,466,365,364,447,414,704,461,,"5,033","7,741",,"3,338","10,038","7,331","7,191","7,300","10,219","12,774","15,704","10,052",,"83,947"
Apr-99,28,225,557,361,386,540,289,530,454,470,307,188,330,346,338,317,490,319,252,446,327,461,400,427,304,378,507,367,343,476,381,723,496,,"5,106","7,657",,"3,623","10,139","7,872","7,866","8,147","11,340","12,763","16,834","10,671",,"89,255"
May-99,35,197,569,428,329,521,278,579,479,478,268,223,302,337,339,323,429,320,274,398,332,464,410,421,302,409,412,380,405,390,390,779,522,,"5,094","7,628",,"3,550","10,191","7,764","7,922","8,281","11,212","12,722","16,679","10,774",,"89,095"
Jun-99,63,251,706,442,381,644,367,739,537,628,380,259,372,392,466,375,558,366,381,491,354,544,471,475,399,519,592,460,466,543,447,904,606,,"6,252","9,326",,"3,962","11,227","8,754","8,327","8,518","12,803","15,578","19,649","12,026",,"100,844"
Jul-99,42,304,865,550,450,816,446,847,648,716,422,338,510,516,479,517,626,423,439,515,449,686,614,544,412,550,701,545,543,593,533,"1,073",708,,"7,437","10,983",,"4,474","13,346","10,085","10,032","10,942","15,138","18,420","22,919","14,296",,"119,652"
Aug-99,58,231,721,468,437,640,356,801,645,634,352,308,421,450,430,420,580,413,321,460,425,558,555,527,366,581,569,515,451,480,480,986,690,,"6,524","9,805",,"3,994","12,126","8,886","9,020","9,557","13,956","16,329","21,391","13,039",,"108,298"
Sep-99,30,204,709,456,441,615,391,696,571,586,386,274,439,452,417,402,543,420,327,485,395,541,545,431,409,508,543,483,419,534,464,839,672,,"6,421","9,206",,"3,778","11,383","8,468","8,505","9,082","13,564","15,627","19,630","12,408",,"102,445"
Oct-99,29,238,669,430,434,711,431,764,550,595,413,278,413,445,386,407,548,411,276,395,379,546,543,483,388,500,528,544,480,501,491,873,602,,"6,264","9,417",,"4,285","12,643","9,362","9,313","9,858","13,585","15,681","19,969","12,699",,"107,395"
Nov-99,29,254,660,479,409,668,338,799,538,591,428,266,381,469,432,373,545,321,313,412,378,544,520,436,453,512,490,403,530,465,462,764,589,,"5,946","9,305",,"4,106","12,063","9,168","8,848","9,449","13,191","15,251","19,315","12,511",,"103,902"
Dec-99,97,267,619,460,395,654,357,673,522,582,433,372,367,418,368,395,513,351,352,428,331,579,467,418,453,495,454,508,405,481,509,814,587,,"6,280","8,844",,"4,060","12,098","9,036","8,818","9,443","13,387","15,124","18,718","11,758",,"102,442"
Jan-00,24,182,489,337,346,451,269,505,361,451,233,215,302,335,338,270,369,344,181,385,242,413,380,336,348,372,334,331,325,328,368,576,593,,"4,680","6,653",,"2,564","7,876","5,717","5,721","6,080","8,443","11,333","12,412","7,885",,"68,031"
Feb-00,55,191,463,330,339,552,282,550,420,444,262,235,270,306,299,244,350,323,188,355,235,436,421,303,389,338,326,363,346,352,374,610,463,,"4,725","6,689",,"2,752","8,480","6,182","6,261","6,650","8,976","11,414","13,316","8,333",,"72,364"
Mar-00,48,216,659,368,425,618,351,655,530,559,378,280,393,423,338,345,462,409,276,484,339,549,541,416,474,473,427,438,397,468,478,766,662,,"6,153","8,492",,"4,035","11,809","8,871","8,474","8,887","11,483","14,645","17,221","10,929",,"96,354"
Apr-00,58,214,550,359,354,589,301,589,494,424,292,230,360,295,317,281,436,335,246,425,326,501,427,338,381,361,390,415,323,479,370,645,562,,"5,325","7,342",,"3,866","10,784","8,022","7,878","8,051","10,930","12,667","16,217","10,292",,"88,707"
May-00,38,240,600,393,393,622,292,505,411,501,298,236,317,373,332,321,438,298,289,375,316,557,485,391,380,419,322,412,394,503,430,655,563,,"5,475","7,624",,"4,015","11,490","8,416","8,361","8,506","11,030","13,099","16,699","10,693",,"92,309"
Jun-00,60,294,615,407,440,642,312,585,467,485,365,264,319,427,371,419,531,394,306,374,327,593,524,385,469,447,357,458,423,493,466,710,541,,"5,850","8,420",,"4,684","13,173","10,083","9,862","10,020","12,608","14,270","18,898","11,833",,"105,431"
Jul-00,33,305,542,420,390,561,310,466,532,514,338,229,263,381,345,334,439,326,285,312,333,547,472,358,382,472,398,487,395,530,447,656,476,,"5,363","7,915",,"4,091","12,163","8,777","8,508","9,127","11,555","13,278","17,194","10,707",,"95,400"
Aug-00,22,240,544,387,386,616,290,439,454,474,340,222,290,324,376,355,469,372,236,294,272,537,483,345,411,463,330,431,405,350,453,648,432,,"4,970","7,720",,"4,113","12,447","9,036","8,372","9,019","11,489","12,690","16,616","10,564",,"94,346"
Sep-00,20,223,535,343,341,455,266,402,396,483,323,175,288,336,332,286,431,350,246,306,278,478,406,275,378,392,296,414,301,395,421,513,437,,"4,658","6,863",,"4,199","11,741","8,702","8,209","8,790","10,526","11,521","14,783","9,677",,"88,148"
Oct-00,19,196,475,325,316,456,258,396,422,445,315,185,227,315,309,293,389,296,201,336,274,428,389,315,404,391,267,388,347,342,366,526,457,,"4,475","6,593",,"4,027","11,086","8,396","7,481","7,744","9,805","11,068","14,105","9,387",,"83,099"
Nov-00,18,227,500,320,311,502,257,461,392,475,334,200,240,269,282,292,371,281,240,317,269,410,398,320,406,369,247,390,327,357,416,557,546,,"4,605","6,696",,"3,769","10,842","8,180","7,459","7,871","10,272","11,301","14,326","9,289",,"83,309"
Dec-00,33,285,553,380,384,485,289,524,388,473,306,243,255,308,275,321,393,309,200,333,317,431,416,282,424,428,282,406,377,429,361,615,478,,"4,860","7,123",,"4,389","11,698","8,961","8,249","8,656","10,996","11,983","15,570","10,321",,"90,823"
Jan-01,24,215,450,369,306,407,275,352,377,425,269,227,253,323,240,257,297,321,213,276,216,419,334,295,360,318,261,334,280,322,354,528,418,,"4,306","6,009",,"2,668","7,914","5,850","5,592","5,867","7,894","10,315","11,592","7,178",,"64,870"
Feb-01,37,238,388,331,297,410,210,407,354,411,267,180,222,253,272,302,274,273,212,277,227,340,352,273,345,397,261,323,270,385,332,476,367,,"3,979","5,984",,"2,821","8,211","6,063","5,943","6,124","8,451","9,963","11,954","7,604",,"67,134"
Mar-01,44,274,537,379,363,550,263,500,476,506,386,287,271,312,343,338,345,364,248,394,290,497,431,377,436,473,345,437,411,425,427,656,497,,"5,198","7,684",,"4,154","11,426","8,443","8,005","8,282","10,853","12,882","15,488","10,693",,"90,226"
Apr-01,38,241,527,328,399,547,267,501,456,466,281,262,306,340,308,377,312,357,253,335,321,459,387,355,384,434,354,383,408,392,403,649,500,,"4,955","7,375",,"4,007","10,777","8,089","7,885","7,752","10,898","12,330","16,149","10,669",,"88,556"
May-01,30,283,613,422,345,711,308,526,516,615,431,284,305,385,335,395,358,382,250,364,325,492,454,416,445,529,405,449,408,449,436,789,510,,"5,514","8,451",,"4,362","11,978","9,271","8,894","9,202","12,143","13,965","18,174","11,489",,"99,478"
Jun-01,36,292,659,442,425,656,352,665,594,700,474,315,357,404,408,404,460,439,293,341,405,581,504,451,562,526,467,554,460,510,513,799,516,,"6,124","9,440",,"5,178","13,370","11,031","10,185","10,469","13,921","15,564","20,497","13,232",,"113,447"
Jul-01,40,289,693,506,457,794,333,754,575,698,424,292,354,456,426,410,441,436,384,424,345,623,565,441,456,543,542,495,479,496,493,798,586,,"6,302","9,746",,"4,856","13,607","10,516","10,046","10,007","14,141","16,048","20,908","13,071",,"113,200"
Aug-01,30,321,753,538,491,830,389,753,678,750,477,322,415,484,454,561,488,475,338,367,428,694,637,510,494,610,556,544,486,482,553,832,566,,"6,594","10,712",,"5,348","15,296","11,595","11,282","11,534","15,547","17,306","22,886","14,055",,"124,849"
Sep-01,30,251,569,435,408,665,350,549,546,646,496,278,302,378,377,416,449,402,252,321,341,434,499,366,433,473,424,361,365,434,459,631,480,,"5,183","8,637",,"4,363","11,992","9,356","8,922","8,874","12,299","13,820","17,634","11,036",,"98,296"
Oct-01,26,270,566,514,463,704,281,607,508,681,458,298,289,408,360,414,433,347,301,300,380,490,493,422,474,581,362,501,438,383,488,647,433,,"5,324","8,996",,"4,786","13,358","10,435","9,727","9,858","12,908","14,320","18,710","11,531",,"105,633"
Nov-01,15,282,581,540,430,681,291,738,544,671,409,292,312,424,416,415,444,327,286,295,361,477,455,386,539,447,379,449,462,316,458,699,473,,"5,323","8,971",,"5,406","14,416","11,220","10,202","10,494","12,912","14,294","18,551","11,654",,"109,149"
Dec-01,17,247,467,466,341,567,271,560,413,504,401,252,206,315,355,370,374,318,229,246,290,392,391,347,538,389,288,351,365,338,351,578,400,,"4,524","7,413",,"4,533","12,166","9,590","8,767","8,973","11,090","11,937","16,197","10,076",,"93,329"
Jan-02,30,216,501,319,315,445,237,455,412,440,282,185,227,272,246,260,344,275,186,281,280,340,428,280,369,348,265,309,298,258,330,531,373,,"4,026","6,311",,"3,238","9,153","7,040","6,356","6,658","8,654","10,337","12,444","7,798",,"71,678"
Feb-02,12,198,482,367,313,498,243,561,390,487,303,230,229,300,249,301,314,257,190,264,248,371,388,290,385,399,273,333,297,297,400,514,403,,"4,159","6,627",,"3,451","10,280","7,413","6,914","7,379","9,185","10,786","13,195","8,528",,"77,131"
Mar-02,47,261,574,470,408,620,296,637,500,599,477,305,313,343,340,414,405,353,241,442,358,480,432,406,548,431,349,374,392,380,413,641,498,,"5,340","8,407",,"4,895","13,382","10,423","9,778","9,880","12,179","13,747","17,178","11,366",,"102,828"
Apr-02,31,285,585,458,384,680,341,611,473,623,427,284,315,364,374,436,462,358,247,401,326,495,466,379,467,452,447,384,348,416,441,699,566,,"5,476","8,549",,"4,531","12,205","9,582","9,215","9,200","11,804","14,025","17,711","11,365",,"99,638"
May-02,30,335,666,633,451,807,406,894,662,733,575,388,456,411,416,516,555,567,371,470,464,630,558,503,545,612,541,502,515,535,523,892,573,,"6,767","10,968",,"6,280","17,109","12,999","12,191","12,502","15,423","17,735","23,418","14,506",,"132,163"
Jun-02,25,307,603,481,396,729,325,644,461,522,463,294,317,359,343,401,445,425,257,406,328,512,468,404,412,485,454,442,465,462,408,736,589,,"5,604","8,764",,"4,696","13,399","10,042","9,445","9,611","12,561","14,368","18,724","11,439",,"104,285"
Jul-02,26,347,754,584,490,870,386,916,582,763,470,351,449,517,471,509,629,527,358,415,424,664,625,506,556,609,549,523,548,477,538,963,665,,"6,975","11,086",,"5,572","16,080","11,823","10,879","11,814","15,081","18,061","23,206","13,959",,"126,475"
Aug-02,51,350,761,515,459,852,379,841,657,736,504,388,387,475,448,456,621,442,368,445,406,639,704,510,489,644,634,490,470,502,495,876,573,,"6,766","10,801",,"5,792","16,673","12,028","11,055","11,753","14,604","17,567","23,217","13,671",,"126,360"
Sep-02,49,268,570,528,432,666,331,694,567,568,478,337,343,354,376,465,515,418,289,345,383,573,544,433,435,567,468,499,409,368,496,789,534,,"5,790","9,301",,"4,805","13,657","10,126","8,991","9,688","12,313","15,091","18,618","10,765",,"104,054"
Oct-02,19,312,615,461,383,618,323,774,552,653,461,346,313,389,383,373,468,401,237,350,392,576,528,375,447,573,404,380,423,354,444,689,493,,"5,444","9,065",,"5,024","14,338","10,323","9,320","10,090","12,316","14,509","18,736","11,469",,"106,125"
Nov-02,28,300,570,469,426,663,301,816,515,559,451,296,314,388,396,391,482,422,290,302,329,493,495,398,460,585,418,411,476,336,440,627,477,,"5,218","9,106",,"5,654","15,891","11,411","10,088","10,638","12,645","14,324","18,555","11,644",,"110,850"
Dec-02,44,270,634,453,346,610,283,661,457,554,504,252,282,360,439,359,478,412,273,282,316,507,497,359,401,520,405,354,374,330,360,553,514,,"4,932","8,511",,"4,946","14,163","10,192","9,098","9,745","11,959","13,443","17,777","10,747",,"102,070"
Jan-03,32,254,507,342,359,519,265,576,383,516,357,232,223,277,336,371,408,314,188,285,249,413,393,312,391,420,311,304,299,286,351,494,398,,"4,181","7,184",,"3,888","10,931","7,804","6,889","7,434","9,371","11,365","13,737","8,507",,"79,926"
Feb-03,20,219,427,369,300,466,205,548,400,498,298,194,218,256,279,340,381,286,173,206,262,341,389,287,349,425,224,333,286,233,384,422,302,,"3,641","6,679",,"3,762","10,670","7,497","6,930","7,275","8,731","10,320","12,777","7,695",,"75,657"
Mar-03,31,247,421,397,304,418,235,564,377,421,325,172,207,245,300,301,423,275,235,205,241,394,387,246,428,411,272,358,298,240,413,454,355,,"3,946","6,654",,"4,296","11,787","8,432","7,381","7,602","9,279","10,600","12,762","7,973",,"80,112"
Apr-03,30,254,434,375,271,488,198,551,376,456,355,178,213,289,299,295,343,289,188,178,248,306,373,286,388,411,294,330,296,225,328,470,365,,"3,731","6,649",,"4,386","12,301","8,849","7,506","7,781","9,216","10,380","13,692","8,786",,"82,897"
May-03,38,248,450,444,309,468,203,570,409,424,398,197,215,283,304,360,412,373,215,226,228,428,357,280,429,418,304,294,311,331,363,532,348,,"4,096","7,073",,"5,214","13,781","10,158","8,273","8,829","10,283","11,169","14,970","9,136",,"91,813"
Jun-03,84,325,463,378,346,505,250,571,452,508,470,251,286,299,301,292,417,379,236,207,274,443,398,270,464,425,344,371,361,298,404,498,420,,"4,505","7,485",,"5,226","13,687","10,413","8,773","9,142","10,668","11,990","15,071","9,537",,"94,507"
Jul-03,48,329,520,422,363,586,277,601,483,574,377,240,321,314,383,361,471,411,228,282,336,518,511,348,483,482,440,430,414,336,426,695,458,,"5,141","8,327",,"5,504","14,337","11,013","9,126","9,720","11,969","13,468","17,457","10,928",,"103,522"
Aug-03,46,339,574,468,395,695,296,707,575,526,477,263,367,348,419,401,534,412,292,333,305,497,523,419,435,490,496,404,412,361,417,739,452,,"5,356","9,061",,"5,600","15,492","11,564","9,809","10,411","12,417","14,417","18,329","11,956",,"109,995"
Sep-03,38,361,588,475,394,664,342,672,552,535,491,230,347,356,382,411,562,429,244,417,329,557,559,411,474,546,478,476,410,401,445,667,498,,"5,606","9,135",,"5,293","14,679","10,865","9,234","9,881","12,305","14,741","18,160","11,524",,"106,682"
Oct-03,33,347,623,542,409,703,305,727,618,668,419,267,331,445,399,515,546,425,277,360,386,549,561,436,584,591,524,427,469,451,525,756,523,,"5,869","9,872",,"6,148","17,128","12,209","10,458","11,359","13,443","15,741","20,081","13,231",,"119,798"
Nov-03,42,318,572,500,377,655,310,788,626,570,471,266,321,331,372,424,514,478,256,386,363,476,519,385,494,578,407,418,477,469,432,663,496,,"5,447","9,307",,"5,677","15,994","11,302","9,623","10,563","13,108","14,754","19,055","12,065",,"112,141"
Dec-03,38,374,629,482,399,708,264,671,498,625,504,274,283,384,409,434,507,478,272,366,324,516,550,414,474,487,441,450,452,461,443,754,474,,"5,560","9,279",,"5,747","16,396","11,890","10,239","10,875","13,573","14,839","20,275","12,271",,"116,105"
Jan-04,98,321,556,454,360,531,282,556,502,437,336,269,306,340,317,361,437,346,234,340,304,409,473,335,386,479,408,379,386,351,404,667,403,,"4,937","7,830",,"3,865","11,657","8,444","7,314","7,782","9,947","12,767","15,524","9,397",,"86,697"
Feb-04,16,297,500,413,313,539,274,575,510,532,390,258,276,310,283,373,464,352,216,308,296,425,404,346,385,410,328,356,346,345,370,578,372,,"4,523","7,637",,"4,006","11,788","8,425","7,473","8,319","10,337","12,160","14,951","9,053",,"86,512"
Mar-04,20,368,607,411,368,645,321,647,567,549,517,329,336,370,344,481,512,405,263,354,353,470,489,410,446,477,347,458,386,481,446,727,505,,"5,569","8,840",,"4,888","14,123","10,102","8,770","9,281","11,676","14,409","16,856","10,237",,"100,342"
Apr-04,25,302,599,456,344,672,346,692,554,499,457,324,359,391,362,385,453,415,313,401,410,552,532,416,426,505,487,438,465,496,456,820,521,,"5,944","8,929",,"5,809","15,963","11,490","10,531","10,496","13,128","14,873","19,484","12,318",,"114,092"
May-04,22,322,492,455,316,682,304,611,468,506,536,284,317,343,345,373,433,363,239,360,361,472,495,355,347,492,450,486,436,477,375,685,411,,"5,242","8,371",,"5,267","14,450","10,747","9,563","9,982","12,236","13,613","18,081","11,178",,"105,117"
Jun-04,38,351,713,459,411,786,396,696,595,565,600,316,345,434,416,479,554,451,272,363,345,663,544,475,465,574,493,566,462,516,475,851,494,,"6,263","9,900",,"6,201","16,448","11,901","10,503","10,830","14,019","16,163","20,246","12,566",,"118,877"
Jul-04,34,330,735,575,434,755,409,788,628,672,568,337,408,479,431,512,624,490,348,423,422,656,655,493,436,625,551,612,506,716,461,951,548,,"7,012","10,600",,"6,208","17,383","12,740","11,266","12,045","14,524","17,612","21,788","13,212",,"126,778"
Aug-04,46,316,618,459,377,719,384,674,521,574,532,288,337,411,348,453,466,421,253,317,318,649,582,451,451,472,472,507,423,568,418,793,402,,"5,988","9,032",,"5,153","14,919","10,285","9,424","10,316","13,178","15,020","19,631","11,273",,"109,199"
Sep-04,27,292,483,397,278,611,310,657,450,534,523,254,299,358,305,413,461,407,251,340,303,465,478,433,390,471,379,419,354,611,376,699,472,,"5,373","8,127",,"4,582","12,596","9,273","7,945","8,760","11,047","13,500","16,683","9,610",,"93,996"
Oct-04,24,254,491,336,314,538,267,640,454,476,411,254,253,315,287,337,433,353,223,275,297,442,442,313,361,398,363,393,321,405,360,643,358,,"4,655","7,376",,"4,650","12,855","9,409","7,600","8,606","10,472","12,031","15,377","9,273",,"90,273"
Nov-04,13,255,433,314,265,518,254,548,393,445,373,191,225,280,266,334,372,319,184,247,230,390,368,283,313,434,330,370,328,358,319,485,353,,"4,031","6,759",,"3,883","11,333","7,995","6,881","7,595","9,302","10,790","13,754","8,007",,"79,540"
Dec-04,14,208,464,337,296,537,213,502,366,423,396,218,231,334,297,328,349,287,179,278,259,364,405,281,319,508,303,319,287,470,282,506,299,,"4,149","6,710",,"4,199","11,295","8,658","6,958","7,816","9,418","10,859","13,851","7,834",,"80,888"
Jan-05,17,183,336,229,243,346,228,373,271,294,261,143,196,256,158,245,244,232,139,257,163,291,265,235,211,325,267,241,176,321,220,384,270,,"3,219","4,801",,"2,559","7,343","5,513","4,327","4,909","6,069","8,020","9,243","5,481",,"53,464"
Feb-05,18,168,296,226,217,335,198,343,271,302,281,160,160,206,190,238,250,194,154,189,170,295,251,217,263,274,227,258,210,311,277,397,283,,"3,143","4,686",,"2,752","7,712","5,700","4,790","5,427","6,579","7,829","9,441","5,814",,"56,044"
Mar-05,18,213,363,247,235,411,216,438,354,344,359,159,214,217,254,278,303,249,181,274,224,335,307,255,288,327,257,314,288,362,245,486,346,,"3,717","5,644",,"3,359","9,079","7,004","5,901","6,491","7,843","9,361","11,332","6,952",,"67,322"
Apr-05,32,191,439,286,226,518,257,465,374,357,376,181,263,217,247,262,301,256,233,294,290,397,339,262,290,342,326,345,318,389,266,584,367,,"4,188","6,102",,"4,117","10,896","8,173","7,088","7,712","9,101","10,290","13,136","8,445",,"78,958"
May-05,20,223,434,332,268,483,260,513,367,363,390,196,260,259,237,304,343,293,233,274,247,372,398,278,301,366,302,327,306,393,298,586,423,,"4,302","6,347",,"4,157","10,801","8,270","6,890","7,633","9,283","10,649","13,834","8,434",,"79,951"
Jun-05,33,275,502,358,277,623,317,537,424,429,479,243,282,325,273,349,412,342,261,315,285,431,433,328,374,434,383,329,373,398,355,645,484,,"4,870","7,438",,"4,474","12,211","9,656","7,885","8,951","10,716","12,308","16,154","9,725",,"92,080"
Jul-05,29,303,489,464,317,605,316,597,432,528,406,266,337,358,293,374,446,333,300,327,297,511,499,425,363,512,463,405,376,497,445,771,452,,"5,431","8,105",,"4,806","12,482","9,874","8,444","9,091","11,112","13,536","16,990","10,590",,"96,925"
Aug-05,26,279,503,394,282,615,295,604,490,480,398,237,329,353,356,377,418,371,307,286,361,565,414,381,331,397,436,479,347,421,417,763,496,,"5,302","7,906",,"4,378","11,919","9,151","8,319","8,833","11,407","13,208","16,820","10,557",,"94,592"
Sep-05,37,263,531,397,294,591,336,642,508,471,453,252,316,340,304,397,470,350,325,331,315,515,467,371,345,570,406,490,355,438,394,764,503,,"5,459","8,082",,"4,623","12,695","9,561","8,473","8,943","11,471","13,541","16,735","10,149",,"96,191"
Oct-05,14,262,474,378,310,563,299,571,441,435,473,241,274,327,315,388,431,283,275,231,303,494,418,324,354,426,397,420,319,453,453,638,398,,"4,836","7,546",,"4,311","11,373","9,058","7,681","8,230","10,473","12,382","15,508","9,555",,"88,571"
Nov-05,29,267,489,409,302,565,301,617,474,497,388,217,269,304,316,360,430,359,265,273,273,443,441,332,376,473,374,438,387,405,445,633,417,,"4,811","7,757",,"4,400","11,646","9,053","7,772","8,712","10,896","12,568","16,303","10,095",,"91,445"
Dec-05,30,263,524,335,303,680,296,547,475,558,434,249,289,309,340,381,433,358,342,299,286,534,492,364,413,436,416,409,353,412,439,700,445,,"5,219","7,925",,"5,168","13,313","10,191","8,951","9,778","12,492","13,144","18,119","11,133",,"102,289"
Jan-06,19,208,435,285,251,517,313,467,421,422,341,249,266,299,242,311,325,294,224,319,283,397,348,295,328,341,365,350,271,368,329,563,416,,"4,459","6,403",,"3,300","9,299","7,279","5,978","6,843","8,549","10,862","13,048","7,861",,"73,019"
Feb-06,17,256,443,303,211,529,267,556,387,404,290,239,240,292,295,318,342,279,241,233,298,372,375,287,334,382,319,462,307,325,327,516,439,,"4,352","6,533",,"3,597","9,928","7,413","6,405","7,057","9,137","10,885","13,361","7,992",,"75,775"
Mar-06,28,295,512,439,320,672,361,663,500,540,474,296,326,379,365,412,408,386,310,371,318,540,426,409,375,500,373,455,400,435,409,729,556,,"5,587","8,395",,"5,123","13,234","9,781","8,741","9,468","11,363","13,982","17,079","10,625",,"99,396"
Apr-06,24,253,459,326,276,570,310,496,443,419,316,212,341,329,317,315,373,299,261,347,297,498,402,334,283,393,402,369,307,373,344,748,517,,"5,014","6,939",,"4,571","11,814","9,414","7,912","8,468","10,736","11,953","15,992","10,445",,"91,305"
May-06,22,262,497,379,326,682,328,598,431,515,400,253,336,382,360,403,445,345,306,338,339,497,451,409,355,462,400,406,365,454,365,711,527,,"5,366","7,983",,"4,795","13,340","10,116","8,881","9,476","11,940","13,349","17,990","11,193",,"101,080"
Jun-06,29,341,633,473,335,824,360,741,552,589,476,276,416,408,391,416,524,509,398,400,350,549,610,430,401,588,558,497,504,566,427,886,618,,"6,414","9,661",,"5,746","15,763","12,396","10,659","11,271","14,225","16,075","21,344","13,200",,"120,679"
Jul-06,25,352,660,457,364,806,384,725,619,543,440,320,413,426,371,480,491,472,367,366,400,659,641,473,480,483,511,511,504,491,435,935,578,,"6,596","9,586",,"5,313","13,848","11,170","9,425","9,937","13,358","16,182","20,373","12,863",,"112,469"
Aug-06,30,345,696,469,409,856,429,816,664,599,578,370,407,443,413,485,527,432,403,355,438,684,598,493,391,593,557,524,416,509,498,888,518,,"6,549","10,284",,"5,071","14,509","11,109","10,183","10,642","14,018","16,833","22,478","13,841",,"118,684"
Sep-06,24,314,604,449,398,705,391,715,600,611,516,307,328,447,399,452,536,444,460,394,405,661,531,413,352,480,498,511,408,427,415,914,565,,"6,312","9,362",,"5,510","14,490","11,107","9,765","10,435","13,649","15,674","20,639","12,492",,"113,761"
Oct-06,33,334,586,481,362,684,342,785,639,593,466,281,323,369,403,474,461,419,340,360,384,586,526,398,401,520,467,473,433,445,494,791,540,,"5,810","9,383",,"5,216","14,135","11,090","9,446","10,289","13,249","15,193","19,698","12,448",,"110,764"
Nov-06,21,366,619,446,350,730,331,760,617,551,447,300,347,446,369,485,514,431,335,350,352,611,506,413,401,555,420,482,413,480,502,798,482,,"5,890","9,340",,"5,343","14,994","11,381","9,804","10,511","13,097","15,230","19,570","12,760",,"112,690"
Dec-06,22,328,608,491,335,792,340,723,609,526,513,286,362,400,370,525,491,431,330,375,361,566,515,420,356,491,453,512,461,436,436,870,498,,"5,868","9,364",,"6,047","15,679","11,749","10,413","11,472","14,609","15,232","20,999","13,258",,"119,458"
Jan-07,20,257,505,391,368,611,297,599,521,447,373,241,284,391,293,351,430,357,298,397,262,532,511,337,337,377,387,348,368,379,349,701,475,,"5,211","7,583",,"3,904","10,718","8,271","7,037","7,705","10,032","12,794","15,462","9,198",,"85,121"
Feb-07,25,285,494,388,291,585,283,587,468,450,401,234,295,324,352,389,386,347,247,317,294,460,408,297,353,411,342,378,348,365,368,610,412,,"4,711","7,483",,"4,014","11,229","8,423","7,125","7,614","9,902","12,194","14,947","8,926",,"84,374"
Mar-07,28,337,593,413,339,735,327,696,587,519,486,285,362,372,343,519,409,456,367,352,348,533,479,405,372,463,378,472,387,486,438,785,475,,"5,695","8,851",,"5,267","13,744","10,371","9,116","9,816","11,926","14,546","17,562","10,691",,"103,039"
Apr-07,22,284,511,361,315,628,265,623,450,485,370,266,307,314,301,388,388,359,294,311,344,464,433,332,294,439,377,368,317,432,358,702,466,,"4,938","7,630",,"4,734","12,406","9,276","8,170","8,414","10,870","12,568","15,898","10,207",,"92,543"
May-07,22,325,568,394,380,666,310,678,540,583,419,309,347,356,328,513,491,390,268,320,350,497,475,418,323,437,400,404,475,468,400,737,468,,"5,304","8,755",,"5,560","13,623","10,536","8,914","9,436","12,580","14,059","18,656","11,573",,"104,937"
Jun-07,19,435,679,466,397,817,330,714,642,600,442,361,397,370,362,494,514,546,347,327,354,697,602,438,398,487,410,454,375,490,467,884,484,,"6,160","9,639",,"6,406","15,600","12,141","10,668","11,228","14,300","15,799","21,237","12,697",,"120,076"
Jul-07,32,372,661,496,420,738,340,757,559,618,483,315,391,457,358,540,481,434,352,372,396,623,636,446,442,457,504,514,485,531,429,896,502,,"6,403","9,634",,"5,765","14,735","11,262","9,522","10,099","13,379","16,037","20,581","12,180",,"113,560"
Aug-07,27,389,688,549,469,812,368,891,610,641,510,353,386,461,428,505,581,466,408,328,388,655,628,435,439,528,541,528,472,456,523,847,514,,"6,398","10,426",,"5,930","15,679","11,457","10,470","10,693","14,300","16,824","22,453","13,440",,"121,246"
Sep-07,23,305,629,389,332,618,300,665,467,542,513,335,296,346,323,434,466,355,343,275,341,482,491,381,373,474,382,503,405,503,408,639,410,,"5,319","8,429",,"4,766","12,666","9,072","8,229","8,677","11,250","13,748","17,077","10,286",,"95,771"
Oct-07,19,404,638,454,351,658,303,745,511,577,435,308,270,326,365,467,459,392,274,226,341,532,504,378,374,504,345,459,397,450,426,584,414,,"5,043","8,847",,"5,077","13,058","9,891","8,177","9,137","11,926","13,890","18,164","10,733",,"100,053"
Nov-07,22,325,528,400,367,661,267,694,445,545,425,307,259,315,296,454,467,417,286,299,303,462,484,386,377,420,339,430,377,461,375,576,405,,"4,950","8,224",,"5,193","13,321","9,599","8,697","9,266","11,664","13,174","17,067","10,170",,"98,151"
Dec-07,11,267,367,303,256,439,240,531,358,409,324,241,182,246,235,338,358,271,222,168,189,370,368,230,288,426,234,323,296,384,284,454,326,,"3,823","6,115",,"4,126","10,891","7,935","7,083","7,362","9,530","9,938","13,779","8,667",,"79,311"
Jan-08,16,215,354,252,207,337,217,400,336,361,251,178,187,204,238,309,309,215,205,186,159,359,294,208,307,318,254,255,232,272,247,370,289,,"3,339","5,202",,"2,800","7,384","5,702","4,705","5,045","6,358","8,541","9,842","5,812",,"56,189"
Feb-08,33,228,347,285,233,399,189,438,310,380,262,181,177,217,220,267,354,243,225,149,163,338,296,239,352,335,235,263,264,248,245,400,258,,"3,326","5,447",,"2,919","8,133","6,036","5,182","5,630","6,858","8,773","10,386","6,075",,"59,992"
Mar-08,6,198,333,233,240,341,162,399,276,311,255,175,160,206,180,256,307,171,206,133,160,319,264,204,394,308,186,300,219,276,228,368,228,,"3,197","4,805",,"2,952","7,746","5,372","4,967","5,244","6,473","8,002","9,643","5,667",,"56,066"
Apr-08,5,200,314,229,242,371,162,382,269,293,205,162,182,186,221,236,315,236,194,186,179,286,229,215,331,301,243,234,216,215,273,459,303,,"3,134","4,940",,"3,098","8,083","6,001","5,310","5,761","7,055","8,074","10,465","6,612",,"60,459"
May-08,29,145,372,232,188,360,206,395,253,267,234,161,142,188,199,246,307,199,214,162,182,289,292,221,300,310,262,285,242,262,223,438,270,,"3,238","4,837",,"3,163","8,044","6,539","5,595","5,996","7,282","8,075","11,241","7,034",,"62,969"
Jun-08,9,151,317,217,166,364,237,326,209,253,233,136,116,183,249,247,276,284,205,133,157,270,224,218,309,237,221,218,232,275,216,341,311,,"2,967","4,573",,"2,827","7,010","6,046","5,020","5,611","6,476","7,540","10,213","6,295",,"57,038"
Jul-08,11,110,326,211,159,314,200,292,255,290,265,144,153,174,161,223,226,193,186,164,161,260,199,205,176,248,268,214,216,199,202,307,223,,"2,610","4,325",,"2,488","6,658","5,160","4,420","4,826","5,979","6,935","9,011","5,618",,"51,095"
Aug-08,8,107,244,195,139,305,164,265,185,232,166,118,138,173,169,177,219,171,217,117,139,218,200,151,128,211,175,159,158,253,191,307,183,,"2,383","3,599",,"2,119","5,854","4,746","4,110","4,395","5,463","5,982","8,965","5,276",,"46,910"
Sep-08,6,85,234,187,140,234,159,246,165,177,140,83,97,120,131,156,186,174,166,155,111,186,154,154,105,214,151,149,151,149,161,272,193,,"1,994","3,197",,"1,954","5,069","4,047","3,565","3,746","4,712","5,191","7,326","4,612",,"40,222"
Oct-08,9,85,231,158,141,270,117,254,176,197,151,108,115,129,147,179,222,139,146,117,124,153,159,154,91,173,139,160,156,144,170,317,194,,"1,959","3,266",,"1,999","5,259","4,482","3,962","4,101","5,162","5,225","7,821","5,068",,"43,079"
Nov-08,2,75,176,136,116,202,117,198,120,152,113,110,81,92,113,151,144,122,177,90,72,131,140,102,68,135,113,119,147,106,110,199,149,,"1,581","2,497",,"1,713","4,412","3,651","3,224","3,376","4,194","4,078","6,293","4,088",,"35,029"
Dec-08,6,89,190,152,89,232,122,237,166,165,112,135,78,114,124,152,182,148,133,105,80,151,115,154,127,194,138,111,135,130,124,170,145,,"1,642","2,863",,"1,710","4,694","3,899","3,700","3,472","4,628","4,505","7,110","4,822",,"38,540"
Jan-09,5,48,139,82,73,168,96,142,96,88,90,82,71,75,101,100,129,91,93,78,90,104,110,99,84,130,110,89,113,108,110,135,140,,"1,270","1,999",,"1,138","3,128","2,377","2,245","2,356","3,100","3,269","5,129","3,040",,"25,782"
Feb-09,6,51,153,101,58,158,89,160,105,149,72,79,63,74,87,85,102,88,120,95,68,92,80,107,72,104,104,89,112,121,97,175,135,,"1,290","1,961",,"1,200","3,232","2,672","2,271","2,566","3,275","3,251","4,907","3,286",,"26,660"
Mar-09,8,54,157,125,70,195,118,221,116,137,122,93,90,94,94,116,163,90,132,121,90,129,117,104,88,161,128,123,152,149,115,262,163,,"1,687","2,410",,"1,680","4,298","3,412","3,227","3,224","4,230","4,097","6,482","4,207",,"34,857"
Apr-09,9,63,184,134,96,230,125,209,143,168,88,152,87,96,114,142,169,95,134,137,112,128,115,116,88,162,175,100,129,115,103,239,166,,"1,691","2,632",,"1,708","4,467","3,634","3,392","3,376","4,718","4,323","7,214","4,753",,"37,585"
May-09,6,67,191,174,92,260,157,210,161,193,125,107,129,117,112,204,203,120,127,137,157,146,143,150,98,149,159,142,164,192,127,316,176,,"1,993","3,018",,"1,998","4,980","4,046","3,899","3,865","5,438","5,011","8,509","5,754",,"43,500"
Jun-09,18,88,212,173,104,299,181,278,212,149,161,191,156,150,158,177,225,169,171,173,121,153,133,220,112,216,207,191,182,260,154,369,238,,"2,496","3,505",,"2,218","5,807","4,793","4,667","4,470","6,370","6,001","10,151","6,581",,"51,058"
Jul-09,20,110,327,230,145,414,224,306,248,249,216,160,209,189,218,259,263,183,283,232,222,240,213,230,130,237,277,248,248,359,216,492,303,,"3,302","4,598",,"2,277","6,717","5,366","5,131","5,279","7,811","7,900","12,207","7,644",,"60,332"
Aug-09,20,120,314,225,149,393,214,351,227,254,219,199,230,194,197,230,229,176,242,187,175,246,245,201,110,225,272,240,228,299,191,478,268,,"3,172","4,376",,"2,126","6,010","4,767","4,815","4,887","7,446","7,548","11,294","7,145",,"56,038"
Sep-09,19,171,362,213,149,435,251,318,237,249,201,166,243,206,200,246,211,197,260,228,204,252,207,221,155,277,275,248,228,304,191,473,323,,"3,335","4,585",,"2,098","5,975","4,868","4,718","4,779","7,225","7,920","11,320","7,165",,"56,068"
Oct-09,19,145,395,233,187,466,241,375,268,307,222,186,196,215,195,248,300,197,248,229,195,295,230,255,134,274,303,304,270,258,243,501,315,,"3,371","5,078",,"2,438","6,903","5,601","5,528","5,648","8,142","8,449","12,281","7,984",,"62,974"
Nov-09,11,158,366,194,185,386,212,306,243,281,184,189,205,197,203,250,282,191,271,226,211,281,205,234,139,273,267,255,250,367,201,420,319,,"3,297","4,665",,"2,139","6,594","5,106","4,944","5,002","7,780","7,962","11,681","7,375",,"58,583"
Dec-09,16,187,370,289,263,502,278,471,312,314,237,248,239,231,253,334,296,214,268,176,221,298,298,266,198,329,290,291,314,434,223,527,313,,"3,815","5,685",,"2,934","8,285","6,647","6,846","6,360","10,064","9,500","14,941","9,799",,"75,376"
Jan-10,20,73,268,126,149,299,210,225,231,200,137,149,184,173,127,156,166,163,183,202,167,265,155,189,108,290,213,212,144,263,139,373,253,,"2,750","3,462",,"1,363","3,595","2,846","2,727","2,914","4,253","6,212","6,601","3,872",,"34,383"
Feb-10,9,105,272,179,144,301,185,296,207,193,169,140,153,176,154,192,184,195,187,151,168,208,194,171,137,212,218,237,157,263,171,345,239,,"2,624","3,688",,"1,632","4,713","3,549","3,313","3,423","5,034","6,312","8,008","4,734",,"40,718"
Mar-10,15,134,321,192,218,318,218,303,254,266,170,161,203,180,184,253,223,192,229,207,181,251,231,169,173,256,228,189,175,299,180,418,317,,"3,091","4,217",,"1,851","5,662","4,236","4,501","4,286","6,272","7,308","9,308","5,742",,"49,166"
Apr-10,22,123,260,201,184,353,163,263,246,243,165,184,203,158,152,200,239,166,205,221,191,250,194,175,117,239,233,243,221,291,160,453,314,,"3,018","4,014",,"2,080","5,652","4,388","4,374","4,417","6,253","7,032","9,428","6,178",,"49,802"
May-10,21,124,333,234,191,355,181,290,230,233,156,145,197,150,185,208,206,201,229,181,152,299,212,209,140,239,263,238,157,343,150,390,264,,"2,990","4,116",,"2,018","5,625","4,694","4,210","4,263","6,323","7,106","9,441","6,113",,"49,793"
Jun-10,29,146,400,208,219,441,231,327,284,240,196,173,242,238,223,274,317,256,259,224,234,313,233,252,179,330,314,312,197,395,232,473,365,,"3,666","5,090",,"2,557","6,569","5,328","5,193","5,134","7,455","8,756","11,478","7,417",,"59,887"
Jul-10,24,156,424,249,245,456,304,326,306,282,259,208,278,272,208,269,315,233,273,253,223,390,285,275,155,290,360,356,239,389,225,567,367,,"4,121","5,340",,"2,623","7,189","5,657","5,533","5,691","8,121","9,461","12,572","7,788",,"64,635"
Aug-10,21,124,425,249,227,416,273,365,266,287,181,202,227,220,188,251,269,225,287,198,236,353,261,234,141,251,303,345,227,277,209,552,280,,"3,637","4,933",,"2,320","6,561","4,914","4,949","5,194","7,590","8,570","11,769","7,117",,"58,984"
Sep-10,20,113,395,230,204,381,270,307,311,245,201,197,235,181,195,233,303,212,247,218,213,301,284,237,147,233,294,344,207,300,192,454,290,,"3,488","4,706",,"2,213","5,981","4,790","4,524","4,891","6,902","8,194","10,823","6,796",,"55,114"
Oct-10,12,116,374,231,208,371,228,324,265,232,227,198,193,191,231,262,283,195,229,197,183,317,266,214,129,216,277,316,185,271,212,412,306,,"3,265","4,606",,"2,331","6,273","4,826","4,898","5,118","7,186","7,871","10,583","6,862",,"55,948"
Nov-10,12,118,368,209,197,336,249,280,297,222,176,235,183,185,226,198,273,230,264,177,190,284,226,194,140,203,242,261,230,391,188,417,262,,"3,286","4,377",,"2,095","6,126","4,675","4,688","4,768","6,925","7,663","10,240","6,509",,"53,689"
Dec-10,31,121,303,162,203,352,221,319,272,245,196,195,191,195,172,226,295,190,210,201,200,261,242,222,115,193,243,253,221,286,184,422,306,,"3,129","4,319",,"2,338","6,181","4,638","4,786","4,973","7,059","7,448","10,343","6,617",,"54,383"
Jan-11,16,92,246,166,149,230,221,197,191,182,142,137,181,159,137,142,196,154,199,182,138,267,179,133,108,165,233,206,100,260,161,341,260,,"2,716","3,154",,"1,458","4,141","3,044","2,927","3,144","4,582","5,870","6,847","3,992",,"36,005"
Feb-11,12,94,231,148,133,310,177,229,218,201,156,131,181,158,153,168,231,155,153,164,142,223,148,136,103,177,187,218,135,209,163,309,243,,"2,429","3,367",,"1,541","4,334","3,281","3,190","3,347","4,828","5,796","7,278","4,297",,"37,892"
Mar-11,19,136,298,181,164,308,190,269,224,174,195,129,233,162,138,178,256,145,198,235,138,249,216,198,147,183,231,233,158,270,192,324,304,,"2,909","3,766",,"2,060","5,365","3,866","3,819","4,000","5,514","6,675","8,146","5,123",,"44,568"
Apr-11,21,117,250,197,179,354,212,237,225,203,179,124,234,174,148,212,256,190,175,266,165,310,221,207,114,186,248,250,176,214,153,425,281,,"3,021","3,882",,"2,157","5,694","4,515","4,253","4,289","5,923","6,903","9,007","5,864",,"48,605"
May-11,28,109,295,195,170,297,162,245,227,183,200,161,204,172,146,168,213,171,170,158,171,273,184,198,125,194,193,225,194,279,160,387,203,,"2,731","3,729",,"2,056","5,513","4,327","4,070","4,121","5,900","6,460","8,827","5,577",,"46,851"
Jun-11,22,135,322,248,182,378,227,276,222,233,231,233,209,183,196,212,268,208,214,187,215,305,265,215,124,211,279,313,221,345,193,474,300,,"3,401","4,445",,"2,476","6,255","4,895","4,962","5,046","7,044","7,846","10,180","6,522",,"55,226"
Jul-11,19,127,372,224,197,439,256,340,296,240,306,181,247,199,212,259,303,247,245,245,219,342,271,259,145,250,328,297,260,390,201,518,308,,"3,663","5,079",,"2,514","6,720","5,089","5,136","5,252","7,659","8,742","11,588","6,992",,"59,692"
Aug-11,27,127,374,220,199,395,263,352,285,266,264,270,266,230,221,240,328,229,269,235,235,352,282,275,138,263,334,347,278,307,243,585,299,,"3,870","5,128",,"2,436","6,559","5,425","5,341","5,272","8,177","8,998","12,033","7,390",,"61,631"
Sep-11,25,145,399,248,206,389,267,323,280,234,241,272,233,245,223,275,366,222,284,238,192,364,315,248,142,240,298,307,215,262,214,507,288,,"3,749","4,958",,"2,580","6,788","5,282","5,085","5,379","7,802","8,707","11,957","7,280",,"60,860"
Oct-11,21,141,357,233,202,360,249,339,279,278,214,178,244,187,188,250,291,173,195,184,190,296,248,220,127,243,269,292,242,255,212,473,241,,"3,190","4,681",,"2,261","6,239","4,866","4,730","5,050","7,159","7,871","10,459","6,777",,"55,412"
Nov-11,21,124,369,237,203,387,204,317,280,260,217,198,253,192,201,257,335,186,229,202,211,297,268,221,143,212,263,240,217,321,206,414,271,,"3,253","4,703",,"2,480","6,301","5,193","4,913","5,200","7,462","7,956","11,216","6,873",,"57,594"
Dec-11,24,111,395,248,207,488,192,369,284,263,215,203,206,213,193,226,318,214,246,167,223,308,243,284,186,205,269,245,237,250,219,487,279,,"3,249","4,968",,"2,618","6,951","5,268","5,242","5,634","7,903","8,217","11,844","7,314",,"60,991"
Jan-12,11,81,300,186,171,337,174,226,229,207,180,128,185,178,163,206,232,180,213,187,150,257,225,204,175,155,211,270,166,209,162,350,223,,"2,785","3,746",,"1,694","4,594","3,593","3,558","3,688","5,357","6,531","8,014","5,096",,"42,125"
Feb-12,17,122,311,181,152,339,165,261,194,229,210,198,155,171,167,217,259,174,224,167,143,263,209,184,124,184,197,237,193,246,161,359,246,,"2,781","3,878",,"1,640","4,708","3,667","3,545","3,769","5,540","6,659","8,297","5,198",,"43,023"
Mar-12,9,162,364,281,198,429,210,421,300,309,317,220,225,221,199,339,345,265,221,159,210,404,365,259,215,243,254,391,268,354,248,437,257,,"3,688","5,411",,"2,368","6,407","4,957","4,887","5,350","7,563","9,099","11,451","6,908",,"58,990"
Apr-12,12,68,279,187,132,276,153,192,173,203,174,153,232,149,125,189,187,160,194,170,147,238,208,156,82,176,222,213,155,229,125,374,228,,"2,635","3,326",,"1,795","4,826","3,828","3,675","3,737","5,150","5,961","7,533","4,890",,"41,395"
May-12,12,101,341,212,126,384,198,299,268,232,224,190,209,177,164,255,220,180,234,190,179,317,221,212,105,186,265,269,160,332,159,449,304,,"3,207","4,167",,"2,160","5,600","4,541","4,481","4,490","6,278","7,374","9,560","5,929",,"50,413"
Jun-12,21,127,380,252,148,454,204,275,279,234,273,216,220,181,192,205,275,214,274,190,191,305,354,238,112,203,299,242,216,371,203,506,278,,"3,474","4,658",,"2,579","6,123","5,230","5,134","5,205","7,366","8,132","10,728","6,715",,"57,212"
Jul-12,16,134,321,281,192,459,259,312,302,225,226,218,265,270,191,266,296,184,291,234,210,382,317,250,131,233,339,274,221,388,199,528,337,,"3,910","4,841",,"2,104","6,239","4,850","4,761","4,909","7,205","8,751","11,204","6,815",,"56,838"
Aug-12,17,122,392,288,181,520,245,334,312,278,256,288,258,265,206,247,320,217,292,173,260,394,316,253,103,228,346,308,261,330,240,551,272,,"3,812","5,261",,"2,458","6,662","5,376","5,338","5,469","7,823","9,073","12,557","7,640",,"62,396"
Sep-12,15,90,379,210,195,347,224,287,252,219,190,298,222,206,229,205,264,191,251,196,199,402,276,263,156,188,308,309,198,316,179,396,246,,"3,513","4,393",,"2,015","5,423","4,355","4,117","4,382","6,315","7,906","10,140","6,017",,"50,670"
Oct-12,17,102,337,266,170,464,172,350,307,201,225,233,213,201,223,208,291,183,231,181,212,358,268,291,178,230,258,295,269,302,208,418,284,,"3,351","4,795",,"2,361","6,120","4,971","4,930","4,927","7,208","8,146","10,976","6,771",,"56,410"
Nov-12,22,119,339,283,204,454,211,372,331,243,249,224,216,227,213,242,330,252,225,184,237,328,317,221,152,261,302,290,279,296,234,486,283,,"3,461","5,165",,"2,502","6,785","5,559","5,315","5,706","7,753","8,626","11,577","7,187",,"61,010"
Dec-12,28,114,312,247,188,382,198,288,290,221,240,252,196,197,192,231,279,169,187,189,209,291,253,239,170,216,271,256,180,223,207,423,263,,"3,126","4,475",,"2,354","5,992","4,900","4,746","4,820","6,845","7,601","10,312","6,484",,"54,054"
Jan-13,16,92,337,183,132,302,235,253,264,181,187,157,213,207,169,181,194,181,167,181,160,296,249,209,136,187,219,246,163,305,170,405,257,,"3,070","3,764",,"1,582","4,608","3,486","3,447","3,526","5,262","6,834","8,108","4,677",,"41,530"
Feb-13,20,120,321,195,166,303,156,299,274,215,182,161,166,174,166,187,215,189,165,145,150,270,212,187,192,185,199,233,190,253,188,330,285,,"2,762","3,931",,"1,697","4,966","3,807","3,522","4,023","5,377","6,693","8,163","4,943",,"43,191"
Mar-13,18,96,417,225,185,310,169,358,320,215,271,192,202,174,164,237,278,187,226,206,172,308,257,262,173,176,242,255,194,348,206,378,242,,"3,148","4,515",,"2,212","6,014","4,854","4,585","4,742","6,566","7,663","9,491","5,972",,"52,099"
Apr-13,13,107,338,237,154,342,214,297,256,211,187,217,221,175,185,260,210,176,166,174,164,336,259,235,139,215,244,296,184,276,188,450,262,,"3,198","4,190",,"2,016","5,557","4,349","4,258","4,243","6,180","7,388","9,101","5,652",,"48,744"
May-13,31,135,402,282,195,475,253,385,287,284,263,259,225,214,206,244,251,208,238,221,219,416,317,263,172,230,315,395,246,299,217,559,304,,"3,903","5,107",,"2,618","7,378","5,750","5,780","5,653","8,064","9,010","11,770","7,337",,"63,360"
Jun-13,11,132,325,252,205,434,213,411,316,245,271,243,251,224,208,266,257,239,278,219,234,408,384,251,188,220,278,399,221,334,197,513,303,,"3,968","4,962",,"2,764","7,102","5,685","5,591","5,778","7,890","8,930","11,961","7,521",,"63,222"
Jul-13,29,165,457,299,207,536,318,440,371,327,315,272,342,257,239,343,330,273,320,280,286,450,406,298,216,266,369,464,297,451,284,659,323,,"4,787","6,102",,"2,698","7,851","6,008","5,910","6,106","9,019","10,889","13,795","8,260",,"70,536"
Aug-13,94,192,505,379,232,567,289,436,390,322,353,298,306,259,247,366,304,271,316,249,303,478,387,319,194,288,404,389,302,469,295,610,340,,"4,678","6,475",,"2,870","8,325","6,642","6,566","6,634","9,657","11,153","15,122","9,214",,"76,183"
Sep-13,104,147,418,319,204,508,282,404,342,324,349,230,306,231,234,357,303,261,250,258,259,438,408,301,239,274,298,388,283,414,252,543,348,,"4,439","5,837",,"2,651","7,364","5,727","5,592","5,689","8,633","10,276","13,167","8,118",,"67,217"
Oct-13,54,175,445,331,254,563,243,535,375,373,395,208,258,264,272,377,332,300,278,221,294,442,455,319,205,317,365,400,326,398,300,551,310,,"4,287","6,648",,"2,933","8,282","6,741","6,226","6,806","9,558","10,935","14,569","9,061",,"75,111"
Nov-13,22,215,438,357,283,624,263,486,329,375,393,244,254,237,261,363,359,306,300,262,279,547,462,328,266,320,370,418,337,486,295,608,340,,"4,709","6,718",,"3,237","9,452","7,343","7,336","7,378","9,954","11,427","15,099","9,815",,"81,041"
Dec-13,21,212,368,319,248,522,295,548,324,344,368,239,269,249,223,393,322,259,294,230,244,546,422,274,266,307,318,398,263,397,313,659,321,,"4,606","6,169",,"3,277","8,802","6,882","7,029","6,957","9,819","10,775","14,971","9,321",,"77,833"
Jan-14,26,127,410,316,232,520,245,455,301,326,341,169,289,243,233,324,340,257,220,280,232,464,352,273,237,308,296,323,277,430,241,576,303,,"4,157","5,809",,"2,614","7,391","5,704","5,578","5,627","8,042","9,966","12,253","7,412",,"64,587"
Feb-14,17,156,397,306,243,521,187,468,274,334,299,256,207,217,204,311,288,254,206,222,217,380,363,257,218,278,256,365,269,426,265,448,254,,"3,766","5,597",,"2,467","7,415","5,708","5,651","5,806","8,097","9,363","12,002","7,672",,"64,181"
Mar-14,36,158,388,296,240,443,242,532,287,333,272,212,186,231,228,346,291,264,214,222,205,381,364,262,264,256,268,331,246,525,297,453,264,,"3,925","5,612",,"2,830","8,139","5,956","5,780","6,048","8,326","9,537","12,484","7,494",,"66,594"
Apr-14,19,157,416,277,255,487,293,517,293,302,340,246,253,227,201,293,278,285,225,267,247,372,373,277,211,270,280,301,222,466,262,592,305,,"4,150","5,659",,"2,845","8,203","6,283","6,261","6,131","8,687","9,809","12,835","8,260",,"69,314"
May-14,22,166,383,279,233,484,228,469,254,306,567,226,240,236,210,341,299,298,264,269,223,398,378,284,241,298,294,323,254,438,323,589,338,,"4,190","5,965",,"3,236","9,238","7,081","7,009","7,067","9,645","10,155","13,967","8,813",,"76,211"
Jun-14,21,162,427,334,254,511,225,507,285,330,435,310,277,243,268,373,305,317,262,213,245,395,360,248,319,342,271,339,243,466,304,474,421,,"4,325","6,161",,"3,539","9,386","7,417","7,108","7,314","10,128","10,486","14,673","9,577",,"79,628"
Jul-14,15,209,516,382,281,587,281,531,293,336,497,280,288,280,251,403,309,272,310,251,306,524,481,267,250,379,345,343,260,421,348,525,319,,"4,568","6,772",,"3,228","9,619","7,335","7,401","7,554","10,738","11,340","15,973","9,972",,"83,160"
Aug-14,27,202,465,377,248,618,261,552,349,359,428,244,296,287,245,339,335,263,249,217,299,481,429,307,287,311,358,439,401,405,326,559,280,,"4,461","6,782",,"3,488","9,847","7,887","7,929","8,005","11,115","11,243","16,577","10,229",,"86,320"
Sep-14,18,185,432,342,255,490,232,539,288,336,405,266,233,223,248,470,333,273,228,208,299,416,366,273,263,311,277,335,331,400,305,486,371,,"4,045","6,392",,"3,115","8,962","6,960","6,712","7,078","10,029","10,437","14,977","9,277",,"77,547"
Oct-14,12,237,451,353,263,578,232,541,318,345,373,282,232,251,263,395,338,281,223,228,298,394,433,248,283,348,312,307,382,472,334,478,288,,"4,115","6,658",,"3,533","10,070","7,832","7,725","7,854","10,828","10,773","16,051","10,261",,"84,927"
Nov-14,39,201,376,324,234,429,164,460,276,323,320,206,182,234,234,297,354,280,187,158,245,347,344,228,227,316,232,279,274,397,283,428,217,,"3,409","5,686",,"3,293","8,608","6,661","6,398","6,595","9,256","9,095","13,599","8,499",,"72,004"
Dec-14,71,299,397,358,246,501,190,439,284,274,348,221,187,254,218,354,361,291,288,169,242,421,369,223,245,276,277,305,289,334,278,456,280,,"3,790","5,955",,"3,237","9,144","6,965","6,970","7,028","9,678","9,745","14,439","9,535",,"76,741"
Jan-15,37,204,353,278,199,418,181,403,289,272,351,194,160,183,217,253,244,266,174,187,184,351,289,198,198,242,206,244,228,276,238,403,222,,"3,099","5,043",,"2,417","6,522","4,757","4,865","4,976","7,134","8,142","10,936","6,613",,"56,362"
Feb-15,39,184,378,244,196,402,153,412,213,281,367,167,148,168,199,291,292,207,168,180,190,346,261,194,211,293,225,260,228,251,233,357,199,,"2,908","5,029",,"2,290","7,063","5,130","5,071","5,487","7,239","7,937","10,909","6,543",,"57,669"
Mar-15,35,183,421,261,248,410,224,479,283,321,290,176,162,197,197,289,270,240,235,195,181,370,371,226,217,307,196,277,252,406,320,365,243,,"3,473","5,374",,"2,829","8,391","6,071","5,751","6,160","7,935","8,847","11,739","7,558",,"65,281"
Apr-15,21,162,325,281,207,463,160,415,269,265,242,243,192,184,212,253,256,229,209,156,210,340,315,213,185,185,240,274,241,328,293,491,264,,"3,362","4,961",,"2,718","7,762","5,786","5,438","5,602","7,609","8,323","11,596","7,557",,"62,391"
May-15,24,167,375,343,176,516,187,489,294,327,286,229,223,231,224,307,280,280,172,170,202,338,386,238,228,237,236,321,262,401,240,470,200,,"3,580","5,479",,"3,303","9,106","6,955","6,611","7,026","8,755","9,059","12,900","8,517",,"72,232"
Jun-15,19,218,449,390,341,475,199,492,365,286,324,311,255,287,309,383,333,319,215,182,236,424,480,271,374,292,287,375,322,400,283,561,264,,"4,346","6,375",,"3,735","9,844","7,367","7,535","7,460","9,915","10,721","15,232","10,048",,"81,857"
Jul-15,17,200,470,425,404,649,273,554,381,398,411,369,262,319,433,446,416,305,214,201,261,487,421,298,268,341,351,440,332,379,356,630,269,,"4,549","7,431",,"3,739","11,048","8,227","7,835","8,374","11,447","11,980","16,491","10,642",,"89,783"
Aug-15,18,185,416,355,325,548,214,494,340,317,325,336,218,279,258,398,368,275,222,169,236,477,364,276,240,310,314,381,288,368,321,623,241,,"4,150","6,349",,"3,198","9,861","7,489","7,429","7,532","10,468","10,499","15,511","9,970",,"81,957"
Sep-15,35,209,440,342,342,539,243,538,306,337,427,215,237,243,290,458,372,313,194,190,210,424,407,292,283,322,326,376,272,362,328,544,270,,"4,023","6,663",,"3,289","9,734","7,165","7,073","7,428","9,870","10,686","15,052","9,895",,"80,192"
Oct-15,21,235,547,374,249,601,216,510,326,341,379,235,229,258,258,394,386,342,184,171,265,404,445,271,307,335,331,387,384,390,298,575,278,,"4,100","6,826",,"3,582","10,998","8,067","8,037","8,479","11,188","10,926","16,502","10,353",,"88,132"
Nov-15,11,221,506,331,237,503,249,505,273,323,443,213,186,201,257,386,320,277,197,160,222,343,320,252,273,300,273,393,302,313,302,448,212,,"3,519","6,233",,"3,403","9,764","7,271","7,281","7,658","9,796","9,752","14,653","9,283",,"78,861"
Dec-15,31,237,445,318,202,530,188,475,330,303,456,234,176,215,253,330,302,280,198,217,229,343,343,255,298,300,273,328,295,309,282,461,264,,"3,605","6,095",,"3,351","9,806","7,426","7,640","7,671","10,283","9,700","14,723","9,766",,"80,366"
Jan-16,15,158,357,232,239,412,171,375,255,291,263,157,152,180,222,312,271,192,170,170,170,372,283,196,252,250,268,245,201,244,257,388,207,,"3,006","4,921",,"2,451","7,255","5,378","5,414","5,565","7,539","7,927","11,281","7,182",,"59,992"
Feb-16,36,214,395,307,209,393,169,413,245,248,334,162,184,183,182,302,274,204,172,141,209,317,313,209,238,261,199,290,265,330,254,360,196,,"3,091","5,117",,"2,627","8,119","5,777","5,805","6,160","8,413","8,208","11,988","8,027",,"65,124"
Mar-16,35,351,891,445,542,743,438,832,557,612,579,383,427,356,462,542,604,490,529,491,416,628,639,476,479,534,499,616,460,615,421,828,581,,"7,045","10,456",,"4,535","14,602","10,252","10,702","11,240","14,500","17,501","21,531","14,439",,"119,302"
Apr-16,7,137,237,214,155,341,133,312,150,157,207,155,133,147,112,190,172,189,163,95,115,213,246,120,132,145,182,157,164,192,162,386,126,,"2,285","3,461",,"2,381","7,127","5,329","5,087","5,303","6,391","5,746","9,325","5,901",,"52,590"
May-16,9,144,396,233,155,402,114,389,200,209,198,175,145,159,136,263,210,167,141,90,129,228,263,153,141,191,182,215,181,295,187,364,153,,"2,492","4,125",,"2,756","7,780","5,981","5,824","6,027","7,417","6,617","10,633","7,144",,"60,179"
Jun-16,7,179,486,266,252,428,193,411,247,243,306,178,176,194,197,287,249,231,153,124,165,331,431,206,148,207,218,271,257,542,229,487,165,,"3,400","5,064",,"3,499","9,313","7,170","7,044","7,231","9,223","8,464","13,226","9,089",,"74,259"
Jul-16,7,182,395,303,267,441,163,487,217,260,258,186,206,219,191,332,281,205,221,105,203,382,339,212,219,269,241,415,255,463,260,458,146,,"3,529","5,259",,"3,511","10,423","7,520","7,101","7,505","9,609","8,794","14,114","9,342",,"77,919"
Aug-16,8,159,386,297,197,434,136,491,276,281,392,200,149,207,186,328,351,211,161,96,176,298,303,226,218,251,242,346,294,393,284,404,154,,"3,073","5,462",,"3,241","10,215","7,748","7,540","8,011","9,912","8,535","14,632","9,821",,"79,655"
Sep-16,8,187,436,305,295,385,157,436,291,253,317,162,166,205,145,355,235,289,163,114,143,309,264,215,142,219,248,249,279,407,262,452,182,,"2,980","5,295",,"3,370","9,874","7,277","7,437","7,692","9,296","8,275","13,617","9,276",,"76,114"
Oct-16,11,160,361,287,239,447,162,430,197,225,346,212,160,149,166,244,252,264,156,104,149,308,268,175,373,257,196,276,289,367,283,411,175,,"3,132","4,967",,"3,061","9,427","6,568","6,766","6,992","8,682","8,100","12,356","8,873",,"70,825"
Nov-16,16,178,376,278,267,363,152,369,269,249,281,239,147,133,173,328,286,251,148,125,152,299,350,199,309,250,220,253,317,373,236,355,219,,"3,118","5,042",,"3,366","10,014","7,111","7,172","7,393","9,108","8,178","12,669","9,086",,"74,097"
Dec-16,13,154,383,261,175,458,209,367,272,211,321,247,158,160,197,295,241,251,163,172,188,277,305,222,305,230,224,292,310,380,239,435,323,,"3,439","4,999",,"3,661","10,679","7,761","7,739","7,930","9,314","8,460","14,140","9,921",,"79,605"
Jan-17,11,129,251,228,170,344,154,360,200,208,259,179,162,131,164,284,211,158,133,136,121,247,234,134,214,190,201,251,232,378,229,414,192,,"2,836","4,073",,"2,581","7,558","5,376","5,178","5,663","7,026","6,931","10,227","6,958",,"57,498"
Feb-17,9,146,319,254,164,313,149,423,215,189,219,169,157,154,170,293,236,178,115,109,141,253,248,174,280,223,187,222,261,383,216,333,206,,"2,787","4,321",,"2,701","8,018","5,946","5,420","6,037","7,400","7,108","10,887","7,145",,"60,662"
Mar-17,18,223,405,256,185,414,221,447,293,274,282,208,174,165,197,347,274,257,158,152,181,330,245,236,388,271,280,274,255,284,250,465,250,,"3,332","5,327",,"3,530","10,049","7,324","6,958","7,552","8,881","8,659","12,670","8,763",,"74,386"
Apr-17,20,125,293,238,176,330,177,408,195,214,234,172,184,124,149,254,234,199,127,124,133,288,262,200,358,191,199,246,211,268,177,356,254,,"2,960","4,160",,"3,011","8,078","6,251","5,864","6,032","7,485","7,120","11,007","7,470",,"62,318"
May-17,21,174,353,234,239,368,161,404,199,244,258,164,174,148,150,259,308,171,116,125,184,400,315,214,359,195,238,324,233,314,188,432,208,,"3,261","4,613",,"3,088","9,525","6,928","6,544","6,822","8,221","7,874","11,895","8,279",,"69,176"
Jun-17,19,192,410,303,246,478,244,451,249,290,407,144,200,204,182,276,294,217,173,171,178,367,475,227,456,233,219,366,254,344,260,448,215,,"3,826","5,366",,"4,245","11,140","8,581","8,030","8,395","9,878","9,192","14,680","10,186",,"84,327"
Jul-17,20,160,325,289,210,427,153,430,248,239,307,218,197,178,200,345,284,183,151,123,196,308,304,219,369,243,268,380,277,245,246,570,182,,"3,398","5,096",,"3,452","10,112","7,772","7,121","7,782","8,986","8,494","13,952","9,322",,"76,993"
Aug-17,21,164,368,351,181,504,198,434,268,267,269,210,162,188,192,363,354,232,167,124,221,341,294,243,290,262,262,317,315,301,258,581,219,,"3,413","5,508",,"3,486","10,927","8,051","7,580","8,216","10,124","8,921","15,084","10,281",,"82,670"
Sep-17,29,178,328,264,161,425,187,460,233,215,350,180,151,176,168,327,286,305,160,137,154,359,252,239,219,240,216,348,260,284,239,483,225,,"3,190","5,048",,"3,562","10,879","7,655","7,393","7,957","9,298","8,239","13,696","9,403",,"78,082"
Oct-17,17,206,347,294,125,418,184,420,217,258,384,199,191,184,156,282,265,266,127,111,156,338,259,221,243,242,250,315,230,239,274,395,176,,"2,978","5,011",,"3,537","10,428","7,820","7,433","7,788","9,203","7,990","13,422","9,426",,"77,047"
Nov-17,14,193,319,298,205,381,194,384,221,206,309,167,198,160,197,288,279,265,132,115,188,254,244,193,260,224,218,246,257,220,222,362,214,,"2,780","4,847",,"3,661","10,652","7,833","7,333","7,945","9,100","7,629","13,141","9,494",,"76,788"
Dec-17,20,180,310,270,161,404,173,394,249,225,258,269,200,144,177,282,286,229,135,138,154,351,308,205,285,252,222,271,233,304,234,339,216,,"3,153","4,725",,"3,664","10,472","7,722","7,401","7,730","8,965","7,883","13,223","9,462",,"76,522"
Jan-18,34,154,247,234,123,299,127,326,216,186,207,171,171,125,172,248,223,204,120,129,140,264,260,174,266,204,181,230,196,208,180,333,208,,"2,646","3,914",,"2,523","7,548","5,528","5,336","5,852","6,952","6,584","10,093","6,722",,"57,138"
Feb-18,27,150,273,228,121,314,152,277,199,198,234,142,190,122,148,249,236,159,117,89,120,255,197,130,390,174,171,223,210,209,190,290,202,,"2,605","3,781",,"2,535","8,121","5,757","5,509","6,132","6,994","6,386","9,950","7,110",,"58,494"
Mar-18,19,160,314,241,148,391,153,314,236,237,265,138,230,159,185,289,277,207,133,125,181,301,285,205,248,219,211,245,212,259,210,355,198,,"2,848","4,502",,"3,213","9,632","6,950","6,451","7,003","8,068","7,350","11,783","7,734",,"68,184"
Apr-18,14,150,295,232,138,374,132,283,211,165,292,141,178,164,144,230,249,160,124,117,128,243,234,165,265,192,199,218,189,188,173,348,176,,"2,542","3,969",,"2,867","8,142","6,050","5,709","5,844","6,977","6,511","9,781","7,058",,"58,939"
May-18,19,166,245,235,138,354,142,329,220,200,318,154,204,206,147,257,204,155,131,86,165,278,246,193,261,204,193,321,209,218,217,413,152,,"2,831","4,149",,"3,301","9,330","6,941","6,536","6,757","8,271","6,980","11,436","8,038",,"67,590"
Jun-18,87,172,446,250,162,407,160,386,257,239,312,177,171,187,249,296,236,202,119,133,183,272,349,177,275,210,220,423,217,256,239,497,155,,"3,261","4,860",,"4,049","10,893","8,050","7,596","8,126","8,881","8,122","13,759","9,461",,"78,937"
Jul-18,32,211,335,264,237,411,161,383,256,230,398,203,212,197,204,339,241,235,159,119,180,280,267,216,189,237,256,323,248,329,262,498,170,,"3,139","5,143",,"3,449","9,837","7,453","6,788","7,441","8,565","8,282","13,139","8,776",,"73,730"
Aug-18,22,151,411,294,233,532,189,417,274,244,343,239,183,236,225,346,312,232,190,103,218,286,329,241,218,213,309,354,263,364,304,529,170,,"3,412","5,562",,"3,935","11,323","8,480","8,115","3,332","10,245","8,975","14,793","10,305",,"84,466"
Sep-18,40,148,349,245,171,363,137,350,236,238,282,202,184,145,193,326,251,201,188,117,169,252,223,198,271,267,229,334,229,328,257,357,156,,"2,934","4,702",,"3,115","9,316","6,862","6,519","2,994","8,082","7,636","11,992","8,137",,"68,839"
Oct-18,30,161,335,282,177,432,127,420,217,225,341,148,187,178,200,327,284,192,155,133,227,291,361,225,244,205,223,354,217,296,252,334,173,,"3,011","4,942",,"3,557","10,798","7,823","7,422","3,405","8,920","7,953","13,080","9,348",,"76,785"
Nov-18,31,169,318,316,176,421,163,405,279,200,309,141,163,164,166,347,285,202,171,91,201,310,357,205,283,251,249,317,247,279,277,428,187,,"3,085","5,023",,"3,824","11,484","8,454","7,851","3,658","9,546","8,108","13,654","9,575",,"81,429"
Dec-18,37,141,343,235,169,345,196,293,191,195,191,142,154,166,201,262,219,153,145,84,180,311,231,154,265,160,188,265,239,310,253,349,141,,"2,796","4,112",,"3,349","9,324","7,396","6,789","2,981","8,085","6,910","11,863","8,399",,"69,456"
Jan-19,10,119,291,215,126,280,102,271,186,202,273,155,110,158,169,224,211,158,128,117,153,227,192,167,184,150,162,210,185,236,208,304,125,,"2,258","3,750",,"2,538","7,213","5,646","5,024","2,398","6,373","6,031","9,325","6,526",,"54,134"
Feb-19,10,139,261,219,120,340,119,300,191,194,262,173,113,132,168,223,174,147,156,94,166,207,201,154,150,188,165,180,202,228,157,310,124,,"2,197","3,770",,"2,617","8,379","6,203","5,498","2,661","6,757","5,967","9,410","6,476",,"57,330"
Mar-19,11,156,290,225,127,341,133,361,237,182,298,205,129,145,261,269,250,187,167,107,191,245,255,155,146,184,188,255,199,276,187,329,184,,"2,587","4,288",,"3,337","9,346","6,802","6,127","2,885","7,531","6,875","10,703","7,615",,"65,206"
Apr-19,17,120,332,226,108,349,128,294,186,193,235,139,129,115,213,214,215,160,132,102,143,233,215,177,151,153,170,201,192,214,165,282,159,,"2,217","3,845",,"2,807","8,504","6,420","5,815","2,595","7,114","6,062","10,173","6,983",,"60,105"
May-19,7,110,333,236,149,371,106,325,229,165,253,147,143,161,211,230,261,140,146,113,169,328,248,184,179,197,207,300,181,252,185,352,155,,"2,637","4,136",,"3,323","9,751","7,036","6,422","2,755","7,631","6,773","11,017","7,735",,"66,547"
Jun-19,15,125,388,241,106,346,153,328,215,213,215,114,128,148,202,253,296,146,173,115,161,311,241,162,217,163,192,263,205,253,328,358,168,,"2,657","4,285",,"3,615","9,555","7,185","6,718","2,830","8,010","6,942","11,467","8,012",,"68,604"
Jul-19,13,178,324,271,144,490,166,395,242,226,289,342,189,189,180,285,228,136,184,137,211,331,302,211,216,188,244,256,206,391,260,481,176,,"3,373","4,708",,"3,440","9,746","7,455","6,696","2,906","8,948","8,081","12,613","8,487",,"72,553"
Aug-19,16,185,366,300,135,470,124,377,289,257,333,219,184,196,208,312,266,192,173,129,212,327,322,224,165,265,262,292,276,390,254,478,158,,"3,173","5,183",,"3,646","10,553","7,763","7,231","3,187","8,948","8,376","13,535","8,836",,"76,527"
Sep-19,11,136,268,268,139,371,128,339,238,227,303,152,149,167,184,275,251,159,126,110,156,280,273,153,168,241,212,317,217,264,217,401,173,,"2,719","4,354",,"3,167","9,227","6,672","6,446","2,688","7,995","7,076","11,374","7,582",,"66,219"
Oct-19,4,135,285,267,136,435,137,388,219,237,266,178,195,147,175,285,281,214,160,108,202,248,252,221,169,260,218,311,207,244,213,352,168,,"2,673","4,644",,"3,325","9,972","7,320","6,721","3,043","8,464","7,317","12,224","8,358",,"71,095"
Nov-19,5,147,313,271,259,424,156,375,213,251,292,206,185,187,207,328,255,194,160,116,214,291,290,201,195,212,259,282,237,244,228,421,215,,"2,953","4,880",,"3,904","10,721","7,834","7,285","7,878","8,915","7,833","13,231","9,101",,"76,702"
Dec-19,16,115,264,244,142,377,144,341,188,198,296,288,163,179,187,269,241,177,124,125,179,279,226,166,146,194,215,273,210,234,271,399,243,,"2,839","4,274",,"3,377","9,463","7,333","6,544","7,268","8,374","7,113","12,605","8,497",,"70,574"
Jan-20,7,128,241,206,140,377,173,308,220,178,207,174,178,148,185,257,247,180,119,147,138,222,228,179,131,187,207,182,209,289,201,340,187,,"2,525","3,995",,"2,736","7,791","5,837","5,044","5,678","6,646","6,520","9,731","6,560",,"56,543"
Feb-20,21,126,263,255,167,365,149,311,209,187,250,161,168,122,154,269,218,159,174,103,157,270,229,138,116,196,198,169,180,247,175,277,144,,"2,350","3,977",,"2,586","7,744","5,524","5,273","5,589","6,726","6,327","9,779","6,393",,"55,941"
Mar-20,15,91,262,266,143,387,153,304,253,171,231,143,196,172,160,270,190,173,235,138,153,266,240,169,147,169,183,216,153,254,199,339,175,,"2,689","3,927",,"2,552","7,550","5,367","5,052","5,364","6,745","6,616","9,858","6,617",,"55,721"
Apr-20,6,47,109,102,56,133,83,136,118,91,106,59,113,80,67,131,88,85,77,85,70,133,108,72,58,75,86,106,74,142,94,144,92,,"1,286","1,740",,959,"2,961","2,230","2,034","2,183","2,784","3,026","3,973","2,348",,"22,498"
May-20,5,48,72,98,61,155,61,126,93,70,81,69,91,75,61,139,96,62,61,61,52,120,123,67,69,70,82,122,87,102,80,144,62,,"1,165","1,600",,"1,476","4,178","3,179","3,003","2,929","3,376","2,765","4,799","3,280",,"28,985"
Jun-20,3,91,160,190,72,256,73,211,128,147,117,108,95,103,110,234,125,91,66,65,84,164,162,128,84,145,109,153,143,133,130,213,78,,"1,500","2,671",,"2,269","5,984","4,692","4,378","4,373","5,309","4,171","7,393","5,081",,"43,650"
Jul-20,4,86,212,214,120,337,131,286,134,158,167,148,142,120,112,217,183,132,107,105,141,260,204,145,108,171,202,179,156,183,193,303,109,,"2,103","3,366",,"2,608","6,835","5,163","4,757","5,048","5,854","5,469","8,957","6,023",,"50,714"
Aug-20,7,103,214,232,128,333,115,296,184,147,173,112,146,148,128,215,192,134,101,80,152,227,231,147,151,145,205,205,173,204,170,321,125,,"2,173","3,471",,"2,775","7,293","5,397","4,834","5,104","6,069","5,644","9,265","6,040",,"52,421"
Sep-20,6,119,275,232,155,404,155,302,187,187,196,165,189,176,156,263,211,137,126,135,159,238,265,186,185,167,232,213,184,235,177,355,171,,"2,614","3,929",,"2,867","8,135","6,113","5,238","5,461","6,836","6,543","10,625","6,875",,"58,693"
Oct-20,6,151,314,317,160,481,164,383,213,225,260,138,167,187,173,299,271,157,137,135,190,293,266,227,176,186,261,245,234,267,231,401,168,,"2,750","4,733",,"3,637","9,696","7,434","6,370","6,861","8,397","7,483","12,744","8,666",,"71,288"
Nov-20,10,124,326,257,143,437,134,381,202,241,280,124,145,164,159,262,271,185,149,111,215,303,288,218,153,206,258,213,287,209,222,428,137,,"2,568","4,674",,"3,355","9,417","7,180","6,329","6,489","8,614","7,242","12,750","8,379",,"69,755"
Dec-20,8,135,323,302,175,498,140,387,239,239,292,140,169,208,158,342,277,193,156,121,211,354,337,216,174,202,286,254,241,220,275,494,171,,"2,946","4,991",,"3,385","9,812","7,236","6,668","7,120","9,104","7,937","14,072","9,552",,"74,886"
Jan-21,12,101,337,275,160,420,159,371,219,234,264,187,181,206,174,338,238,180,142,120,175,272,254,211,163,226,264,209,226,245,246,422,167,,"2,739","4,659",,"2,884","8,241","6,145","5,521","6,059","8,247","7,398","12,652","7,710",,"64,857"
Feb-21,5,181,392,375,212,525,180,450,277,354,309,241,183,226,234,455,308,219,174,138,261,334,323,261,211,270,316,232,330,291,362,452,152,,"3,142","6,091",,"3,322","10,475","7,753","7,285","7,747","10,660","9,233","15,863","10,082",,"82,420"
Mar-21,25,220,631,528,306,843,325,730,458,460,430,391,371,387,339,654,510,325,300,277,376,625,552,441,285,444,497,474,460,556,530,808,326,,"5,702","9,182",,"4,262","13,584","10,129","9,624","10,525","15,298","14,884","23,420","14,147",,"115,873"
Apr-21,7,152,354,297,238,444,175,444,279,280,257,185,215,230,199,434,311,185,170,119,213,337,315,221,190,269,250,234,242,289,276,370,162,,"2,998","5,345",,"3,257","9,434","7,246","6,639","6,817","9,307","8,343","13,699","9,031",,"73,773"
May-21,11,132,272,255,175,357,138,361,255,243,263,183,171,158,143,324,243,198,134,126,174,269,222,181,156,214,198,205,214,233,236,343,150,,"2,499","4,438",,"3,041","8,645","6,448","5,863","6,020","7,684","6,937","11,493","7,339",,"63,470"
Jun-21,48,289,"1,064",700,521,"1,294",556,"1,028",844,765,801,728,591,637,530,894,781,589,593,405,566,"1,141",766,696,486,655,755,790,639,906,797,"1,404",604,,"9,655","14,208",,"4,902","15,202","11,196","10,888","11,648","19,028","23,863","29,704","16,757",,"143,188"
Jul-21,3,61,78,110,60,127,41,170,102,69,102,62,50,46,44,140,89,62,35,46,67,94,108,75,84,82,78,70,96,122,58,119,53,,933,"1,670",,"3,259","7,924","5,886","4,987","5,142","4,616","2,603","6,170","4,901",,"45,488"
Aug-21,3,93,229,201,80,315,103,265,160,194,175,117,110,116,107,231,164,131,95,122,146,198,215,172,112,134,219,181,180,260,155,249,108,,"1,989","3,351",,"3,481","9,201","6,824","6,065","6,269","6,999","5,340","10,362","7,199",,"61,740"
Sep-21,19,204,503,409,222,631,225,582,404,384,337,241,234,280,271,487,404,242,255,211,305,421,418,332,214,301,371,318,406,355,364,633,208,,"4,032","7,159",,"4,849","14,023","10,635","9,909","10,433","13,244","11,191","19,629","13,455",,"107,368"
Oct-21,7,95,205,139,58,238,76,207,142,127,138,90,87,109,94,175,152,95,77,89,102,151,161,117,74,124,142,120,126,147,126,218,101,,"1,507","2,602",,"2,723","6,643","4,869","4,115","4,418","4,797","4,109","7,363","4,655",,"43,692"
Nov-21,10,110,235,216,102,309,108,285,173,198,207,95,137,133,124,245,196,156,107,112,138,214,205,154,105,159,195,156,166,181,165,287,130,,"1,980","3,533",,"2,973","7,910","5,745","4,901","5,450","6,215","5,513","9,501","6,303",,"54,511"
Dec-21,8,106,256,223,106,339,126,318,187,191,173,139,128,127,130,205,211,132,125,126,134,240,246,177,140,180,176,206,195,160,177,359,136,,"2,266","3,616",,"2,802","7,857","5,630","5,051","5,497","6,535","5,882","9,849","6,565",,"55,668"
Jan-22,10,88,238,174,127,298,108,262,194,180,196,112,139,141,127,221,191,131,105,143,154,216,194,177,106,181,190,183,164,201,174,323,159,,2140,3467,,2493,7109,5261,4570,4821,6026,5607,9174,5809,,50870
Feb-22,6,113,280,210,143,350,152,292,203,204,223,158,137,119,120,269,219,169,136,117,143,258,194,185,136,201,198,192,229,226,179,308,174,,2313,3930,,2841,7882,5980,5318,5842,6748,6243,9927,6518,,57299
Mar-22,13,130,345,251,169,344,142,366,243,233,201,183,172,159,164,277,261,164,163,191,165,286,261,181,147,211,240,247,220,270,216,351,199,,2784,4381,,3125,8864,6193,5671,6274,7359,7165,11094,7253,,62998
Apr-22,11,109,256,213,117,356,129,310,222,208,182,146,164,146,148,201,184,136,143,157,125,252,252,168,131,196,199,202,160,238,195,358,190,,2519,3685,,2744,7840,5837,5178,5226,6580,6204,9754,6245,,55608
May-22,16,94,285,215,137,336,156,303,222,220,183,147,164,152,158,242,216,141,163,148,185,262,236,174,118,181,217,224,214,256,196,372,182,,2596,3919,,2847,7670,5612,5113,5554,6531,6515,9566,6210,,55618
Jun-22,7,88,300,189,160,330,150,288,208,212,193,152,156,138,142,254,190,139,146,151,168,264,229,163,136,169,206,215,203,263,199,373,178,,2558,3801,,2588,7330,5591,4963,5070,6395,6359,9457,6071,,53824
Jul-22,13,121,295,245,167,393,147,358,244,222,219,175,189,185,199,269,228,173,162,148,162,312,311,234,166,177,282,270,192,226,243,407,190,,2901,4423,,3041,8166,6096,5499,5827,7028,7324,10544,6841,,60366
Aug-22,14,108,274,257,170,397,156,333,242,231,217,192,189,204,168,267,234,179,187,144,195,339,301,203,137,175,263,253,223,211,234,452,178,,2957,4370,,3254,8146,6045,5379,5831,7521,7327,11392,6950,,61845
Sep-22,17,101,286,232,150,416,211,357,253,238,216,213,157,206,172,234,217,175,159,148,178,301,262,222,123,160,261,256,216,239,234,421,162,,2875,4318,,2931,7683,5748,5194,5545,7016,7193,10654,6749,,58713
Oct-22,9,88,239,232,116,346,119,302,190,201,183,152,136,160,132,233,193,161,156,110,172,287,236,181,127,168,213,223,180,222,199,346,157,,2440,3729,,2593,7081,5139,4573,4914,6168,6169,9606,6091,,52334
